Tijdstip,Apparaat Temperatuur (°C),Temperatuur (°C),Luchtdruk (hPa),Luchtvochtigheid (%),Lichtintensiteit (lux),Windsnelheid (m/s),Windrichting (graden)
2025-05-12 12:30:31,nvt,nvt,nvt,nvt,nvt,nvt,nvt
2025-05-12 12:30:41,22.3,14.8,661.22,60.52,1438.57,nvt,45
2025-05-12 12:30:51,35.21,27.71,1008.8,16.31,704.32,0.46,90
2025-05-12 12:31:01,35.38,27.88,1008.8,16.16,718.66,1.05,90
2025-05-12 12:31:11,35.23,27.73,1008.82,16.17,708.41,1.29,90
2025-05-12 12:31:22,35.4,27.9,1008.83,16.01,708.0,1.29,90
2025-05-12 12:31:32,35.63,28.13,1008.84,15.93,708.41,0.38,90
2025-05-12 12:31:42,35.88,28.38,1008.83,15.68,702.55,0.57,90
2025-05-12 12:31:52,36.03,28.53,1008.83,15.45,710.37,0.76,90
2025-05-12 12:32:02,35.92,28.42,1008.82,15.49,711.26,0.71,90
2025-05-12 12:32:12,36.06,28.56,1008.86,15.51,720.32,1.05,90
2025-05-12 12:32:22,35.78,28.28,1008.83,15.66,709.36,1.47,90
2025-05-12 12:32:32,35.88,28.38,1008.85,15.74,704.26,1.9,90
2025-05-12 12:32:42,35.76,28.26,1008.89,15.68,708.77,1.72,90
2025-05-12 12:32:52,35.77,28.27,1008.82,15.63,713.03,1.38,90
2025-05-12 12:33:02,35.69,28.19,1008.83,15.72,704.8,1.29,90
2025-05-12 12:33:13,35.92,28.42,1008.83,15.62,701.42,0.52,90
2025-05-12 12:33:23,36.14,28.64,1008.87,15.35,704.5,0.05,90
2025-05-12 12:33:33,36.29,28.79,1008.85,15.37,698.99,0.09,90
2025-05-12 12:33:43,36.4,28.9,1008.81,15.12,698.58,0.1,90
2025-05-12 12:33:53,36.57,29.07,1008.84,15.12,696.98,nvt,90
2025-05-12 12:34:03,36.67,29.17,1008.84,15.17,696.44,0.05,90
2025-05-12 12:34:13,36.78,29.28,1008.82,14.98,696.44,nvt,90
2025-05-12 12:34:23,36.97,29.47,1008.79,14.79,698.99,nvt,90
2025-05-12 12:34:33,37.13,29.63,1008.81,14.85,696.56,nvt,90
2025-05-12 12:34:43,37.32,29.82,1008.86,14.61,697.92,nvt,90
2025-05-12 12:34:54,37.18,29.68,1008.84,14.63,692.47,nvt,90
2025-05-12 12:35:04,37.1,29.6,1008.84,14.8,696.15,0.19,45
2025-05-12 12:35:14,36.88,29.38,1008.78,14.75,697.51,0.14,270
2025-05-12 12:35:24,37.11,29.61,1008.78,14.6,697.04,nvt,45
2025-05-12 12:35:34,37.21,29.71,1008.82,14.59,681.87,0.05,45
2025-05-12 12:35:44,37.21,29.71,1008.79,14.64,695.2,nvt,45
2025-05-12 12:35:54,37.26,29.76,1008.8,14.74,676.47,nvt,45
2025-05-12 12:36:04,37.38,29.88,1008.83,14.74,693.42,nvt,45
2025-05-12 12:36:14,37.29,29.79,1008.81,14.73,680.15,nvt,45
2025-05-12 12:36:24,37.46,29.96,1008.82,14.57,689.69,nvt,45
2025-05-12 12:36:35,37.61,30.11,1008.78,14.89,693.72,0.05,45
2025-05-12 12:36:45,37.73,30.23,1008.81,14.7,694.37,nvt,45
2025-05-12 12:36:55,37.69,30.19,1008.82,14.34,699.23,0.14,90
2025-05-12 12:37:05,37.88,30.38,1008.83,14.4,697.39,0.76,90
2025-05-12 12:37:15,37.91,30.41,1008.85,14.17,699.05,0.91,90
2025-05-12 12:37:25,37.68,30.18,1008.83,14.28,700.47,1.94,90
2025-05-12 12:37:35,37.25,29.75,1008.82,14.4,702.84,2.42,90
2025-05-12 12:37:45,36.83,29.33,1008.81,14.52,706.64,2.52,90
2025-05-12 12:37:55,36.73,29.23,1008.81,14.83,699.94,2.33,90
2025-05-12 12:38:05,36.24,28.74,1008.76,14.71,705.15,2.84,90
2025-05-12 12:38:16,36.11,28.61,1008.78,15.02,702.67,2.61,90
2025-05-12 12:38:26,35.71,28.21,1008.76,15.17,691.88,2.9,90
2025-05-12 12:38:36,35.52,28.02,1008.8,15.31,695.32,2.76,90
2025-05-12 12:38:46,35.5,28.0,1008.75,15.59,683.82,2.0,90
2025-05-12 12:38:56,35.65,28.15,1008.78,15.53,694.43,1.71,90
2025-05-12 12:39:06,35.55,28.05,1008.77,15.66,684.35,1.43,90
2025-05-12 12:39:16,35.68,28.18,1008.83,15.53,685.3,1.47,90
2025-05-12 12:39:26,35.45,27.95,1008.82,15.56,684.06,2.19,90
2025-05-12 12:39:36,35.06,27.56,1008.79,15.64,692.06,2.48,90
2025-05-12 12:39:46,34.88,27.38,1008.82,15.83,686.43,2.05,90
2025-05-12 12:39:56,34.88,27.38,1008.83,15.97,689.1,1.67,90
2025-05-12 12:40:07,34.86,27.36,1008.81,16.03,684.65,1.47,90
2025-05-12 12:40:17,34.92,27.42,1008.8,15.94,668.65,1.33,90
2025-05-12 12:40:27,35.09,27.59,1008.77,15.76,662.13,1.0,90
2025-05-12 12:40:37,35.38,27.88,1008.77,15.58,663.5,0.47,90
2025-05-12 12:40:47,35.65,28.15,1008.82,15.75,668.83,0.14,90
2025-05-12 12:40:57,35.81,28.31,1008.79,15.51,675.64,0.05,90
2025-05-12 12:41:07,35.94,28.44,1008.8,15.74,652.06,nvt,45
2025-05-12 12:41:17,35.89,28.39,1008.82,15.26,679.73,0.33,90
2025-05-12 12:41:27,35.97,28.47,1008.82,15.17,676.71,0.66,90
2025-05-12 12:41:37,36.17,28.67,1008.82,15.3,669.78,0.43,90
2025-05-12 12:41:48,36.4,28.9,1008.8,15.14,666.22,0.29,90
2025-05-12 12:41:58,36.51,29.01,1008.76,15.07,665.75,0.62,90
2025-05-12 12:42:08,36.16,28.66,1008.76,15.06,669.07,1.56,90
2025-05-12 12:42:18,36.26,28.76,1008.73,15.06,669.6,1.81,90
2025-05-12 12:42:28,36.16,28.66,1008.71,15.01,663.08,1.43,90
2025-05-12 12:42:38,36.1,28.6,1008.77,15.09,658.87,1.43,90
2025-05-12 12:42:48,35.99,28.49,1008.77,15.28,663.73,1.95,90
2025-05-12 12:42:58,36.03,28.53,1008.76,15.4,685.13,1.71,90
2025-05-12 12:43:08,35.69,28.19,1008.76,15.51,670.31,2.19,90
2025-05-12 12:43:18,35.48,27.98,1008.72,15.43,676.41,2.27,90
2025-05-12 12:43:29,35.51,28.01,1008.73,15.64,680.27,2.38,90
2025-05-12 12:43:39,35.24,27.74,1008.74,15.5,679.44,2.48,90
2025-05-12 12:43:49,35.25,27.75,1008.73,15.58,676.59,2.23,90
2025-05-12 12:43:59,35.11,27.61,1008.77,15.93,686.25,2.29,90
2025-05-12 12:44:09,35.07,27.57,1008.75,15.8,679.32,2.52,90
2025-05-12 12:44:19,34.76,27.26,1008.81,15.61,673.69,2.67,90
2025-05-12 12:44:29,34.81,27.31,1008.82,15.73,675.53,2.43,90
2025-05-12 12:44:39,34.82,27.32,1008.83,15.63,675.41,1.76,90
2025-05-12 12:44:49,35.1,27.6,1008.81,15.83,679.97,1.19,90
2025-05-12 12:44:59,35.08,27.58,1008.77,15.43,691.88,0.71,90
2025-05-12 12:45:09,35.13,27.63,1008.81,15.7,685.48,0.33,90
2025-05-12 12:45:20,34.81,27.31,1008.82,15.64,686.13,0.09,270
2025-05-12 12:45:30,34.43,26.93,1008.86,15.93,676.24,0.19,270
2025-05-12 12:45:40,34.29,26.79,1008.83,16.32,672.09,0.19,135
2025-05-12 12:45:50,34.22,26.72,1008.82,16.57,669.6,0.33,270
2025-05-12 12:46:00,34.08,26.58,1008.81,16.41,670.13,0.38,225
2025-05-12 12:46:10,33.9,26.4,1008.82,16.35,666.28,nvt,315
2025-05-12 12:46:20,33.81,26.31,1008.81,16.54,666.22,0.1,45
2025-05-12 12:46:30,34.04,26.54,1008.82,16.91,661.66,0.09,135
2025-05-12 12:46:40,34.34,26.84,1008.84,16.66,661.9,0.14,90
2025-05-12 12:46:50,34.31,26.81,1008.86,16.07,665.99,nvt,90
2025-05-12 12:47:00,34.43,26.93,1008.85,16.08,662.61,0.05,45
2025-05-12 12:47:11,34.51,27.01,1008.86,16.63,664.21,nvt,45
2025-05-12 12:47:21,34.48,26.98,1008.88,15.84,665.93,0.14,nvt
2025-05-12 12:47:31,34.22,26.72,1008.83,16.07,661.19,0.24,45
2025-05-12 12:47:41,34.25,26.75,1008.83,16.49,660.36,0.24,135
2025-05-12 12:47:51,34.22,26.72,1008.82,16.21,661.01,0.1,270
2025-05-12 12:48:01,34.26,26.76,1008.85,16.53,655.62,0.14,270
2025-05-12 12:48:11,34.14,26.64,1008.81,16.29,657.22,0.1,270
2025-05-12 12:48:21,33.82,26.32,1008.83,16.38,653.3,nvt,225
2025-05-12 12:48:31,33.76,26.26,1008.84,16.56,650.76,0.05,270
2025-05-12 12:48:41,33.76,26.26,1008.82,16.87,656.45,0.05,45
2025-05-12 12:48:51,33.89,26.39,1008.79,17.03,662.02,0.24,90
2025-05-12 12:49:01,33.78,26.28,1008.85,16.59,661.66,0.14,225
2025-05-12 12:49:12,33.49,25.99,1008.8,16.96,658.16,0.05,225
2025-05-12 12:49:22,33.27,25.77,1008.8,17.12,655.79,0.14,225
2025-05-12 12:49:32,33.56,26.06,1008.83,17.61,654.55,0.28,90
2025-05-12 12:49:42,33.79,26.29,1008.83,17.22,644.12,0.33,90
2025-05-12 12:49:52,33.82,26.32,1008.82,17.07,645.01,0.24,90
2025-05-12 12:50:02,34.07,26.57,1008.78,16.84,638.13,0.09,90
2025-05-12 12:50:12,34.25,26.75,1008.75,16.48,636.65,0.09,90
2025-05-12 12:50:22,34.45,26.95,1008.81,16.59,639.91,nvt,90
2025-05-12 12:50:32,34.64,27.14,1008.8,16.27,643.29,0.1,nvt
2025-05-12 12:50:42,34.54,27.04,1008.8,16.23,641.75,0.05,nvt
2025-05-12 12:50:52,34.78,27.28,1008.85,16.12,639.62,nvt,nvt
2025-05-12 12:51:03,34.75,27.25,1008.76,16.0,637.54,0.05,nvt
2025-05-12 12:51:13,34.77,27.27,1008.79,16.15,637.6,nvt,90
2025-05-12 12:51:23,34.63,27.13,1008.8,15.97,637.6,0.05,90
2025-05-12 12:51:33,34.71,27.21,1008.79,15.92,638.79,nvt,90
2025-05-12 12:51:43,34.58,27.08,1008.75,15.82,633.16,nvt,90
2025-05-12 12:51:53,34.69,27.19,1008.78,16.17,632.8,0.1,90
2025-05-12 12:52:03,34.77,27.27,1008.79,15.92,632.68,0.09,270
2025-05-12 12:52:13,35.02,27.52,1008.79,15.62,634.34,0.1,45
2025-05-12 12:52:23,35.22,27.72,1008.77,15.61,635.47,0.05,45
2025-05-12 12:52:33,35.25,27.75,1008.75,15.61,632.68,0.05,45
2025-05-12 12:52:43,35.13,27.63,1008.79,15.7,633.81,0.1,45
2025-05-12 12:52:54,35.34,27.84,1008.77,15.47,630.96,0.05,45
2025-05-12 12:53:04,35.45,27.95,1008.77,15.46,632.92,nvt,45
2025-05-12 12:53:14,35.3,27.8,1008.76,15.32,634.76,nvt,45
2025-05-12 12:53:24,35.44,27.94,1008.77,15.24,633.39,0.05,45
2025-05-12 12:53:34,35.38,27.88,1008.78,15.48,632.39,0.05,45
2025-05-12 12:53:44,35.39,27.89,1008.76,15.44,629.01,0.05,45
2025-05-12 12:53:54,35.5,28.0,1008.76,15.65,625.57,0.05,45
2025-05-12 12:54:04,35.67,28.17,1008.77,15.84,626.82,0.1,45
2025-05-12 12:54:14,35.66,28.16,1008.79,15.39,622.02,0.33,90
2025-05-12 12:54:24,35.79,28.29,1008.82,15.24,621.9,0.76,90
2025-05-12 12:54:34,35.75,28.25,1008.78,15.17,617.1,1.19,90
2025-05-12 12:54:45,35.71,28.21,1008.77,15.18,622.37,1.57,90
2025-05-12 12:54:55,35.64,28.14,1008.78,15.19,620.54,1.62,nvt
2025-05-12 12:55:05,35.69,28.19,1008.77,15.2,618.46,0.85,90
2025-05-12 12:55:15,35.87,28.37,1008.77,15.06,617.51,1.19,90
2025-05-12 12:55:25,35.75,28.25,1008.79,15.13,623.97,1.48,90
2025-05-12 12:55:35,35.75,28.25,1008.82,15.04,619.77,1.14,90
2025-05-12 12:55:45,35.64,28.14,1008.81,15.1,619.71,1.19,90
2025-05-12 12:55:55,35.98,28.48,1008.85,15.17,617.93,0.76,90
2025-05-12 12:56:05,35.86,28.36,1008.82,15.12,619.65,0.43,90
2025-05-12 12:56:15,35.81,28.31,1008.8,15.03,616.21,0.66,90
2025-05-12 12:56:26,35.95,28.45,1008.8,15.15,620.83,0.62,90
2025-05-12 12:56:36,35.98,28.48,1008.83,15.15,619.94,0.1,90
2025-05-12 12:56:46,35.91,28.41,1008.81,15.02,622.02,0.09,90
2025-05-12 12:56:56,35.6,28.1,1008.79,15.08,611.23,nvt,90
2025-05-12 12:57:06,35.65,28.15,1008.76,15.21,611.71,nvt,90
2025-05-12 12:57:16,35.55,28.05,1008.77,15.17,613.07,0.05,135
2025-05-12 12:57:26,35.68,28.18,1008.73,15.05,613.07,nvt,90
2025-05-12 12:57:36,35.62,28.12,1008.75,15.08,610.88,nvt,90
2025-05-12 12:57:46,35.84,28.34,1008.74,15.08,610.17,nvt,90
2025-05-12 12:57:56,36.05,28.55,1008.78,15.14,609.87,0.05,90
2025-05-12 12:58:06,36.21,28.71,1008.77,15.1,608.03,0.05,90
2025-05-12 12:58:17,36.26,28.76,1008.79,14.69,607.2,nvt,90
2025-05-12 12:58:27,36.33,28.83,1008.77,14.82,613.25,0.05,90
2025-05-12 12:58:37,36.15,28.65,1008.78,14.73,605.84,0.1,90
2025-05-12 12:58:47,36.33,28.83,1008.75,14.73,606.73,0.43,90
2025-05-12 12:58:57,36.31,28.81,1008.76,14.38,603.0,1.09,90
2025-05-12 12:59:07,36.39,28.89,1008.74,14.44,601.87,0.91,90
2025-05-12 12:59:17,36.43,28.93,1008.77,14.44,607.38,1.19,90
2025-05-12 12:59:27,36.61,29.11,1008.79,14.3,604.54,0.91,90
2025-05-12 12:59:37,36.6,29.1,1008.79,14.37,604.24,1.09,90
2025-05-12 12:59:47,36.65,29.15,1008.83,14.26,606.31,0.81,90
2025-05-12 12:59:57,36.71,29.21,1008.81,14.12,602.46,0.52,90
2025-05-12 13:00:08,36.89,29.39,1008.8,14.07,600.74,0.71,90
2025-05-12 13:00:18,37.05,29.55,1008.78,14.14,608.39,0.47,90
2025-05-12 13:00:28,36.86,29.36,1008.76,14.28,601.69,0.19,90
2025-05-12 13:00:38,36.87,29.37,1008.8,14.12,603.0,nvt,90
2025-05-12 13:00:48,36.88,29.38,1008.79,14.16,603.71,0.1,90
2025-05-12 13:00:58,36.86,29.36,1008.75,14.31,601.63,0.05,90
2025-05-12 13:01:08,36.69,29.19,1008.72,14.02,604.83,0.14,90
2025-05-12 13:01:18,36.79,29.29,1008.79,14.12,601.75,0.09,90
2025-05-12 13:01:28,36.83,29.33,1008.78,14.38,590.31,nvt,90
2025-05-12 13:01:38,36.87,29.37,1008.75,14.28,597.01,0.05,90
2025-05-12 13:01:48,36.91,29.41,1008.77,14.0,599.03,0.1,90
2025-05-12 13:01:59,36.9,29.4,1008.77,14.18,595.77,0.1,90
2025-05-12 13:02:09,36.87,29.37,1008.74,14.27,595.11,0.05,90
2025-05-12 13:02:19,36.94,29.44,1008.75,14.14,596.66,nvt,90
2025-05-12 13:02:29,36.71,29.21,1008.75,14.05,597.25,0.05,45
2025-05-12 13:02:39,36.74,29.24,1008.77,14.18,596.06,nvt,45
2025-05-12 13:02:49,36.73,29.23,1008.77,14.09,597.48,0.05,45
2025-05-12 13:02:59,36.39,28.89,1008.75,14.24,593.93,nvt,nvt
2025-05-12 13:03:09,36.11,28.61,1008.75,14.39,591.97,0.05,nvt
2025-05-12 13:03:19,36.08,28.58,1008.75,14.07,590.85,nvt,nvt
2025-05-12 13:03:29,36.15,28.65,1008.74,13.91,591.68,nvt,nvt
2025-05-12 13:03:40,36.23,28.73,1008.75,14.03,596.66,nvt,nvt
2025-05-12 13:03:50,36.14,28.64,1008.77,14.51,592.74,0.09,nvt
2025-05-12 13:04:00,35.89,28.39,1008.77,14.52,595.35,0.1,nvt
2025-05-12 13:04:10,35.59,28.09,1008.7,15.01,595.88,0.43,90
2025-05-12 13:04:20,35.27,27.77,1008.7,14.94,592.51,0.19,270
2025-05-12 13:04:30,34.88,27.38,1008.73,15.09,598.61,0.24,315
2025-05-12 13:04:40,34.59,27.09,1008.73,15.4,591.91,0.09,315
2025-05-12 13:04:50,34.35,26.85,1008.74,15.72,586.7,0.19,45
2025-05-12 13:05:00,34.4,26.9,1008.74,15.8,587.23,nvt,225
2025-05-12 13:05:11,34.64,27.14,1008.71,15.71,584.92,0.14,135
2025-05-12 13:05:21,34.73,27.23,1008.72,15.64,582.49,0.05,90
2025-05-12 13:05:31,34.94,27.44,1008.72,15.75,582.79,nvt,90
2025-05-12 13:05:41,35.06,27.56,1008.74,15.35,584.03,nvt,90
2025-05-12 13:05:51,35.39,27.89,1008.71,15.39,580.0,0.05,90
2025-05-12 13:06:01,35.63,28.13,1008.74,15.01,577.16,nvt,90
2025-05-12 13:06:11,35.87,28.37,1008.74,15.29,584.27,nvt,90
2025-05-12 13:06:21,36.02,28.52,1008.75,15.3,583.62,nvt,90
2025-05-12 13:06:31,36.08,28.58,1008.76,14.95,584.03,0.05,90
2025-05-12 13:06:41,36.22,28.72,1008.7,14.71,577.57,0.43,90
2025-05-12 13:06:52,36.32,28.82,1008.73,14.78,576.98,1.19,90
2025-05-12 13:07:02,36.13,28.63,1008.7,14.48,578.76,1.52,90
2025-05-12 13:07:12,35.96,28.46,1008.76,14.68,574.55,1.61,90
2025-05-12 13:07:22,35.92,28.42,1008.73,14.52,586.46,1.48,90
2025-05-12 13:07:32,35.92,28.42,1008.74,14.56,575.14,1.47,90
2025-05-12 13:07:42,36.15,28.65,1008.72,14.56,576.51,1.38,90
2025-05-12 13:07:52,35.96,28.46,1008.73,14.66,580.3,1.14,90
2025-05-12 13:08:02,35.79,28.29,1008.72,14.63,580.42,1.19,90
2025-05-12 13:08:12,35.87,28.37,1008.73,14.94,578.34,0.95,90
2025-05-12 13:08:22,35.63,28.13,1008.69,14.69,579.06,1.04,90
2025-05-12 13:08:32,35.83,28.33,1008.73,14.67,573.37,1.14,90
2025-05-12 13:08:43,35.64,28.14,1008.7,14.91,582.2,1.37,90
2025-05-12 13:08:53,35.45,27.95,1008.66,14.86,583.5,1.53,90
2025-05-12 13:09:03,35.39,27.89,1008.69,14.84,578.76,1.76,90
2025-05-12 13:09:13,35.28,27.78,1008.64,15.13,575.92,2.13,90
2025-05-12 13:09:23,35.19,27.69,1008.64,15.07,574.73,1.86,90
2025-05-12 13:09:33,35.28,27.78,1008.64,15.46,576.57,1.61,90
2025-05-12 13:09:43,35.27,27.77,1008.64,15.27,577.57,1.04,90
2025-05-12 13:09:53,35.2,27.7,1008.64,15.38,582.08,1.38,90
2025-05-12 13:10:03,35.09,27.59,1008.61,15.52,571.59,0.76,90
2025-05-12 13:10:13,35.26,27.76,1008.61,15.17,568.27,0.9,90
2025-05-12 13:10:24,35.39,27.89,1008.64,15.08,566.49,0.62,90
2025-05-12 13:10:34,35.35,27.85,1008.63,15.36,573.78,1.24,90
2025-05-12 13:10:44,35.17,27.67,1008.64,15.25,580.95,1.62,90
2025-05-12 13:10:54,35.0,27.5,1008.61,15.53,571.17,2.28,90
2025-05-12 13:11:04,34.78,27.28,1008.65,15.51,573.66,2.19,90
2025-05-12 13:11:14,34.85,27.35,1008.67,15.98,560.45,1.72,135
2025-05-12 13:11:24,34.74,27.24,1008.67,15.68,568.57,1.81,90
2025-05-12 13:11:34,34.72,27.22,1008.67,15.72,563.35,1.42,90
2025-05-12 13:11:44,34.82,27.32,1008.68,15.76,559.44,1.14,90
2025-05-12 13:11:54,34.93,27.43,1008.66,15.71,558.67,1.19,90
2025-05-12 13:12:05,34.96,27.46,1008.63,15.45,561.63,1.56,90
2025-05-12 13:12:15,35.11,27.61,1008.66,15.43,558.67,1.43,90
2025-05-12 13:12:25,35.11,27.61,1008.64,15.47,557.31,1.14,90
2025-05-12 13:12:35,35.26,27.76,1008.63,15.42,555.41,0.62,90
2025-05-12 13:12:45,35.39,27.89,1008.64,15.24,553.81,0.43,90
2025-05-12 13:12:55,35.61,28.11,1008.67,15.57,555.95,0.33,90
2025-05-12 13:13:05,35.67,28.17,1008.68,15.44,553.46,0.19,90
2025-05-12 13:13:15,35.81,28.31,1008.71,15.44,549.49,0.1,90
2025-05-12 13:13:25,36.05,28.55,1008.75,15.07,556.48,nvt,90
2025-05-12 13:13:35,36.11,28.61,1008.71,14.85,556.18,0.05,90
2025-05-12 13:13:46,36.04,28.54,1008.69,14.59,555.06,0.09,90
2025-05-12 13:13:56,35.7,28.2,1008.69,14.89,555.53,nvt,45
2025-05-12 13:14:06,35.5,28.0,1008.66,15.1,552.69,0.05,45
2025-05-12 13:14:16,35.41,27.91,1008.68,15.35,558.85,nvt,45
2025-05-12 13:14:26,35.4,27.9,1008.69,15.28,554.58,0.05,45
2025-05-12 13:14:36,35.49,27.99,1008.69,15.23,556.77,nvt,45
2025-05-12 13:14:46,35.7,28.2,1008.7,15.14,549.13,0.05,45
2025-05-12 13:14:56,35.98,28.48,1008.74,15.15,549.37,0.09,45
2025-05-12 13:15:06,36.0,28.5,1008.74,14.49,546.35,0.05,90
2025-05-12 13:15:16,36.37,28.87,1008.7,14.35,551.44,0.57,90
2025-05-12 13:15:26,36.37,28.87,1008.68,14.35,544.21,0.95,90
2025-05-12 13:15:37,36.32,28.82,1008.68,14.34,542.43,1.86,90
2025-05-12 13:15:47,36.18,28.68,1008.69,14.3,538.58,2.09,90
2025-05-12 13:15:57,35.95,28.45,1008.73,14.47,545.52,2.0,90
2025-05-12 13:16:07,35.94,28.44,1008.68,14.26,547.89,1.47,90
2025-05-12 13:16:17,36.0,28.5,1008.72,14.06,536.75,1.52,90
2025-05-12 13:16:27,36.11,28.61,1008.7,14.13,539.83,1.1,90
2025-05-12 13:16:37,36.23,28.73,1008.68,14.11,541.61,0.76,90
2025-05-12 13:16:47,36.19,28.69,1008.62,14.14,541.49,0.57,90
2025-05-12 13:16:57,36.03,28.53,1008.72,14.16,535.38,0.71,90
2025-05-12 13:17:07,36.04,28.54,1008.71,14.0,535.98,1.0,90
2025-05-12 13:17:17,36.04,28.54,1008.74,13.9,539.47,0.86,90
2025-05-12 13:17:28,36.02,28.52,1008.7,14.89,537.4,0.1,90
2025-05-12 13:17:38,35.86,28.36,1008.74,14.97,533.78,0.24,90
2025-05-12 13:17:48,35.85,28.35,1008.7,14.59,534.97,0.14,90
2025-05-12 13:17:58,35.86,28.36,1008.7,14.6,532.42,0.1,90
2025-05-12 13:18:08,35.9,28.4,1008.7,14.94,532.78,0.14,90
2025-05-12 13:18:18,36.04,28.54,1008.73,14.53,534.49,0.1,90
2025-05-12 13:18:28,36.29,28.79,1008.72,14.62,537.16,0.05,90
2025-05-12 13:18:38,36.33,28.83,1008.74,14.71,531.65,0.05,90
2025-05-12 13:18:48,36.36,28.86,1008.74,14.55,533.66,nvt,90
2025-05-12 13:18:58,36.47,28.97,1008.73,14.55,535.15,0.05,90
2025-05-12 13:19:09,36.66,29.16,1008.73,14.47,530.76,0.05,90
2025-05-12 13:19:19,36.75,29.25,1008.76,14.7,530.52,nvt,90
2025-05-12 13:19:29,36.75,29.25,1008.73,14.39,521.46,0.38,90
2025-05-12 13:19:39,36.9,29.4,1008.72,14.25,525.07,0.76,90
2025-05-12 13:19:49,36.84,29.34,1008.75,13.7,525.31,0.9,90
2025-05-12 13:19:59,36.84,29.34,1008.71,13.88,528.63,0.76,90
2025-05-12 13:20:09,36.92,29.42,1008.69,13.89,525.19,1.67,90
2025-05-12 13:20:19,36.6,29.1,1008.72,14.0,529.69,2.29,90
2025-05-12 13:20:29,36.28,28.78,1008.69,13.85,524.42,1.95,90
2025-05-12 13:20:39,36.23,28.73,1008.71,13.86,539.24,1.76,90
2025-05-12 13:20:50,36.1,28.6,1008.68,13.9,539.23,1.38,90
2025-05-12 13:21:00,36.27,28.77,1008.71,14.15,537.04,0.95,90
2025-05-12 13:21:10,36.22,28.72,1008.72,14.15,543.92,0.81,90
2025-05-12 13:21:20,36.44,28.94,1008.72,13.94,536.86,0.62,90
2025-05-12 13:21:30,36.26,28.76,1008.68,14.19,531.35,0.81,90
2025-05-12 13:21:40,36.17,28.67,1008.71,14.32,528.63,1.33,90
2025-05-12 13:21:50,35.87,28.37,1008.74,14.37,525.13,1.33,90
2025-05-12 13:22:00,36.07,28.57,1008.76,14.4,545.52,1.14,90
2025-05-12 13:22:10,36.0,28.5,1008.73,14.35,519.15,0.71,90
2025-05-12 13:22:20,36.06,28.56,1008.74,14.26,522.94,0.67,45
2025-05-12 13:22:30,36.22,28.72,1008.72,14.69,527.21,0.19,45
2025-05-12 13:22:40,36.16,28.66,1008.71,14.58,519.21,0.14,90
2025-05-12 13:22:51,36.26,28.76,1008.72,14.59,519.15,0.05,90
2025-05-12 13:23:01,36.32,28.82,1008.72,14.65,519.44,0.14,90
2025-05-12 13:23:11,36.06,28.56,1008.73,14.56,514.94,0.19,90
2025-05-12 13:23:21,35.88,28.38,1008.74,14.72,515.83,0.09,90
2025-05-12 13:23:31,35.9,28.4,1008.72,14.53,523.41,0.1,90
2025-05-12 13:23:41,35.69,28.19,1008.7,14.67,516.54,0.05,90
2025-05-12 13:23:51,35.44,27.94,1008.71,14.81,515.12,0.1,225
2025-05-12 13:24:01,35.57,28.07,1008.73,14.62,514.58,nvt,45
2025-05-12 13:24:11,35.11,27.61,1008.69,14.82,517.78,0.14,45
2025-05-12 13:24:22,35.1,27.6,1008.72,15.16,510.14,nvt,90
2025-05-12 13:24:32,35.15,27.65,1008.71,15.15,510.85,0.14,90
2025-05-12 13:24:42,35.0,27.5,1008.69,14.68,513.4,nvt,90
2025-05-12 13:24:52,34.7,27.2,1008.7,14.69,508.48,nvt,90
2025-05-12 13:25:02,34.51,27.01,1008.7,14.76,514.64,nvt,90
2025-05-12 13:25:12,34.71,27.21,1008.69,15.0,514.7,0.05,90
2025-05-12 13:25:22,34.68,27.18,1008.67,14.75,518.44,0.09,90
2025-05-12 13:25:32,34.44,26.94,1008.72,15.14,520.75,0.19,135
2025-05-12 13:25:42,34.04,26.54,1008.71,15.09,519.03,0.14,180
2025-05-12 13:25:52,33.74,26.24,1008.71,15.38,513.93,nvt,225
2025-05-12 13:26:02,33.55,26.05,1008.71,15.59,517.01,0.1,nvt
2025-05-12 13:26:13,33.7,26.2,1008.74,15.76,508.95,0.24,270
2025-05-12 13:26:23,33.85,26.35,1008.72,15.91,502.85,0.14,135
2025-05-12 13:26:33,34.18,26.68,1008.71,15.38,505.4,0.1,45
2025-05-12 13:26:43,34.23,26.73,1008.69,15.36,506.47,0.1,45
2025-05-12 13:26:53,34.45,26.95,1008.7,15.04,502.67,nvt,45
2025-05-12 13:27:03,34.63,27.13,1008.68,14.9,500.42,nvt,45
2025-05-12 13:27:13,34.99,27.49,1008.66,15.15,501.31,0.05,45
2025-05-12 13:27:23,35.17,27.67,1008.68,14.91,502.5,0.09,90
2025-05-12 13:27:33,35.34,27.84,1008.67,14.56,499.95,1.1,90
2025-05-12 13:27:43,35.49,27.99,1008.66,14.56,500.24,1.19,90
2025-05-12 13:27:53,35.52,28.02,1008.67,14.28,500.18,1.42,90
2025-05-12 13:28:03,35.65,28.15,1008.65,14.37,513.34,1.19,90
2025-05-12 13:28:14,35.69,28.19,1008.69,14.12,510.67,1.43,90
2025-05-12 13:28:24,35.67,28.17,1008.69,14.2,519.68,0.91,90
2025-05-12 13:28:34,35.84,28.34,1008.72,14.25,528.27,0.47,90
2025-05-12 13:28:44,35.97,28.47,1008.76,14.17,535.56,0.1,90
2025-05-12 13:28:54,35.96,28.46,1008.73,14.41,541.66,0.05,90
2025-05-12 13:29:04,36.15,28.65,1008.68,14.61,545.99,0.05,90
2025-05-12 13:29:14,36.16,28.66,1008.67,14.54,548.95,0.1,90
2025-05-12 13:29:24,36.25,28.75,1008.71,14.01,550.43,0.05,90
2025-05-12 13:29:34,36.49,28.99,1008.75,14.08,556.3,nvt,90
2025-05-12 13:29:44,36.65,29.15,1008.74,13.76,562.23,0.05,90
2025-05-12 13:29:55,36.83,29.33,1008.71,13.79,557.84,0.09,nvt
2025-05-12 13:30:05,37.03,29.53,1008.71,13.36,558.67,0.05,nvt
2025-05-12 13:30:15,37.06,29.56,1008.72,13.16,558.91,0.05,nvt
2025-05-12 13:30:25,37.02,29.52,1008.7,13.36,558.97,nvt,nvt
2025-05-12 13:30:35,36.82,29.32,1008.72,13.0,558.91,0.1,nvt
2025-05-12 13:30:45,36.9,29.4,1008.66,12.94,560.57,nvt,45
2025-05-12 13:30:55,36.97,29.47,1008.67,13.35,561.63,0.09,45
2025-05-12 13:31:05,36.96,29.46,1008.65,12.88,561.34,0.1,45
2025-05-12 13:31:15,37.29,29.79,1008.67,13.01,557.01,nvt,45
2025-05-12 13:31:25,37.5,30.0,1008.65,12.7,556.3,0.05,45
2025-05-12 13:31:35,37.6,30.1,1008.64,12.75,555.41,0.14,45
2025-05-12 13:31:46,37.68,30.18,1008.65,12.48,555.41,0.14,90
2025-05-12 13:31:56,37.76,30.26,1008.67,12.05,559.03,0.24,90
2025-05-12 13:32:06,37.66,30.16,1008.65,11.76,560.09,1.14,90
2025-05-12 13:32:16,37.68,30.18,1008.65,12.39,552.86,0.76,90
2025-05-12 13:32:26,37.63,30.13,1008.71,12.44,543.38,0.05,90
2025-05-12 13:32:36,37.51,30.01,1008.66,12.28,554.05,0.24,180
2025-05-12 13:32:46,37.63,30.13,1008.75,12.49,561.58,0.14,nvt
2025-05-12 13:32:56,37.56,30.06,1008.72,12.14,574.2,0.05,nvt
2025-05-12 13:33:06,37.35,29.85,1008.74,12.17,573.43,0.14,90
2025-05-12 13:33:17,37.43,29.93,1008.74,12.31,581.55,nvt,45
2025-05-12 13:33:27,37.16,29.66,1008.7,12.19,579.0,0.05,45
2025-05-12 13:33:37,37.32,29.82,1008.7,12.37,576.45,nvt,45
2025-05-12 13:33:47,36.93,29.43,1008.65,12.19,586.58,0.24,nvt
2025-05-12 13:33:57,36.93,29.43,1008.67,12.39,588.66,0.14,45
2025-05-12 13:34:07,36.93,29.43,1008.67,12.28,587.65,0.1,45
2025-05-12 13:34:17,37.08,29.58,1008.66,13.17,592.09,nvt,45
2025-05-12 13:34:27,37.34,29.84,1008.68,12.18,588.6,nvt,90
2025-05-12 13:34:37,37.49,29.99,1008.68,13.39,589.25,0.19,90
2025-05-12 13:34:47,37.34,29.84,1008.69,12.21,586.4,0.72,90
2025-05-12 13:34:57,37.13,29.63,1008.68,13.38,589.25,1.52,90
2025-05-12 13:35:08,36.97,29.47,1008.71,13.48,587.65,2.48,90
2025-05-12 13:35:18,36.53,29.03,1008.69,12.95,586.17,2.76,90
2025-05-12 13:35:28,36.37,28.87,1008.62,12.93,468.31,2.62,90
2025-05-12 13:35:38,36.25,28.75,1008.65,12.87,582.32,2.46,90
2025-05-12 13:35:48,36.17,28.67,1008.64,13.15,584.75,2.67,90
2025-05-12 13:35:58,36.25,28.75,1008.64,12.96,584.39,1.99,90
2025-05-12 13:36:08,36.18,28.68,1008.69,12.89,587.12,2.19,90
2025-05-12 13:36:18,36.24,28.74,1008.64,13.17,587.41,1.76,90
2025-05-12 13:36:28,36.29,28.79,1008.65,12.86,586.52,2.09,90
2025-05-12 13:36:38,36.44,28.94,1008.68,12.68,585.4,1.52,90
2025-05-12 13:36:49,36.71,29.21,1008.68,13.2,585.69,0.71,90
2025-05-12 13:36:59,37.02,29.52,1008.67,13.76,588.18,0.29,90
2025-05-12 13:37:09,36.96,29.46,1008.66,12.8,587.17,0.14,90
2025-05-12 13:37:19,36.73,29.23,1008.66,12.82,587.17,0.1,45
2025-05-12 13:37:29,36.44,28.94,1008.66,12.96,587.95,0.33,315
2025-05-12 13:37:39,36.86,29.36,1008.64,13.36,588.48,0.24,nvt
2025-05-12 13:37:49,37.23,29.73,1008.69,12.77,589.66,0.09,nvt
2025-05-12 13:37:59,37.17,29.67,1008.66,12.92,589.25,0.1,45
2025-05-12 13:38:09,37.3,29.8,1008.69,12.76,587.53,nvt,90
2025-05-12 13:38:19,37.67,30.17,1008.71,13.1,590.08,0.05,90
2025-05-12 13:38:29,37.56,30.06,1008.7,12.4,591.62,nvt,90
2025-05-12 13:38:40,37.82,30.32,1008.74,12.41,591.68,nvt,90
2025-05-12 13:38:50,37.7,30.2,1008.74,12.65,593.22,0.14,90
2025-05-12 13:39:00,37.64,30.14,1008.73,12.4,592.63,0.05,90
2025-05-12 13:39:10,37.78,30.28,1008.74,12.43,593.1,nvt,90
2025-05-12 13:39:20,37.78,30.28,1008.72,12.06,594.23,nvt,90
2025-05-12 13:39:30,37.35,29.85,1008.75,12.56,593.52,0.19,225
2025-05-12 13:39:40,37.51,30.01,1008.74,12.46,595.47,0.05,270
2025-05-12 13:39:50,37.57,30.07,1008.77,12.05,596.72,0.09,270
2025-05-12 13:40:00,37.73,30.23,1008.76,12.08,595.06,0.05,270
2025-05-12 13:40:10,37.76,30.26,1008.75,11.94,593.04,nvt,270
2025-05-12 13:40:20,37.97,30.47,1008.75,12.12,594.64,0.05,315
2025-05-12 13:40:31,38.04,30.54,1008.76,12.04,595.59,0.05,90
2025-05-12 13:40:47,nvt,nvt,nvt,nvt,nvt,nvt,nvt
2025-05-12 13:40:58,22.3,14.8,661.22,60.52,1195.62,nvt,45
2025-05-12 13:41:08,37.49,29.99,1008.71,11.8,598.73,0.14,nvt
2025-05-12 13:41:18,37.46,29.96,1008.69,11.72,600.33,0.14,45
2025-05-12 13:41:28,37.61,30.11,1008.72,12.15,601.57,nvt,nvt
2025-05-12 13:41:38,37.63,30.13,1008.76,11.48,597.66,0.1,nvt
2025-05-12 13:41:48,37.71,30.21,1008.72,11.27,598.43,nvt,nvt
2025-05-12 13:41:58,37.73,30.23,1008.71,11.57,601.81,0.05,nvt
2025-05-12 13:42:08,37.93,30.43,1008.76,11.36,603.53,0.05,nvt
2025-05-12 13:42:18,37.74,30.24,1008.75,11.27,603.0,0.1,nvt
2025-05-12 13:42:29,37.35,29.85,1008.75,11.41,599.32,0.05,90
2025-05-12 13:42:39,37.46,29.96,1008.7,11.87,602.82,0.14,nvt
2025-05-12 13:42:49,37.29,29.79,1008.76,11.66,603.65,0.09,180
2025-05-12 13:42:59,37.25,29.75,1008.71,11.68,602.94,0.05,225
2025-05-12 13:43:09,37.05,29.55,1008.76,11.81,603.77,nvt,90
2025-05-12 13:43:19,37.2,29.7,1008.74,11.77,604.12,0.05,90
2025-05-12 13:43:29,37.61,30.11,1008.79,11.48,604.48,0.05,90
2025-05-12 13:43:39,37.43,29.93,1008.74,11.47,604.3,0.1,45
2025-05-12 13:43:49,37.48,29.98,1008.75,11.76,604.6,0.09,270
2025-05-12 13:43:59,37.88,30.38,1008.79,11.74,605.01,nvt,270
2025-05-12 13:44:10,38.05,30.55,1008.83,11.43,608.09,0.05,225
2025-05-12 13:44:20,38.0,30.5,1008.82,11.64,604.6,0.05,135
2025-05-12 13:44:30,37.99,30.49,1008.78,11.42,606.2,0.19,45
2025-05-12 13:44:40,38.08,30.58,1008.8,11.73,604.3,0.1,45
2025-05-12 13:44:50,38.42,30.92,1008.84,11.46,607.2,0.1,45
2025-05-12 13:45:00,38.52,31.02,1008.81,11.45,606.2,0.09,90
2025-05-12 13:45:10,38.72,31.22,1008.82,11.33,612.06,0.52,90
2025-05-12 13:45:20,39.0,31.5,1008.83,11.33,615.03,0.85,90
2025-05-12 13:49:07,nvt,nvt,nvt,nvt,nvt,nvt,nvt
2025-05-12 13:49:17,22.3,14.8,661.22,60.52,1246.35,nvt,45
2025-05-12 13:49:27,38.04,30.54,1008.84,11.36,621.01,0.09,90
2025-05-12 13:49:37,38.06,30.56,1008.85,10.96,620.0,0.19,315
2025-05-12 14:09:12,nvt,nvt,nvt,nvt,nvt,nvt,nvt
2025-05-12 14:09:22,22.3,14.8,661.22,60.52,1456.36,nvt,225
2025-05-12 14:09:32,42.75,35.25,1008.8,7.94,728.15,0.27,315
2025-05-12 14:09:42,42.62,35.12,1008.75,8.03,722.99,0.09,45
2025-05-12 14:09:53,42.78,35.28,1008.77,7.95,725.84,0.05,45
2025-05-12 14:10:03,43.1,35.6,1008.8,7.79,728.21,nvt,45
2025-05-12 14:10:13,42.75,35.25,1008.78,7.9,727.02,0.05,45
2025-05-12 14:10:23,42.68,35.18,1008.78,7.93,733.25,nvt,45
2025-05-12 14:10:33,42.02,34.52,1008.75,8.16,731.29,0.05,225
2025-05-12 14:10:43,41.38,33.88,1008.76,8.44,730.52,0.05,180
2025-05-12 14:10:53,41.14,33.64,1008.75,8.59,731.47,0.05,225
2025-05-12 14:11:03,41.08,33.58,1008.73,9.02,730.22,0.24,45
2025-05-12 14:11:13,41.14,33.64,1008.72,8.86,732.06,0.33,45
2025-05-12 14:11:23,41.35,33.85,1008.73,8.76,735.2,0.14,90
2025-05-12 14:11:33,41.32,33.82,1008.73,8.72,737.04,0.1,90
2025-05-12 14:11:44,41.66,34.16,1008.73,8.62,742.85,0.09,90
2025-05-12 14:11:54,41.43,33.93,1008.72,8.77,739.35,0.14,45
2025-05-12 14:12:04,41.32,33.82,1008.71,8.83,741.13,0.24,270
2025-05-12 14:12:14,41.6,34.1,1008.71,8.77,742.13,0.05,nvt
2025-05-12 14:12:24,41.64,34.14,1008.71,8.81,744.15,0.05,45
2025-05-12 14:12:34,41.59,34.09,1008.74,8.76,751.97,0.1,45
2025-05-12 14:12:44,41.72,34.22,1008.75,8.72,752.8,0.1,45
2025-05-12 14:12:54,41.73,34.23,1008.76,8.58,747.7,0.09,nvt
2025-05-12 14:13:04,42.11,34.61,1008.78,8.57,750.79,0.14,90
2025-05-12 14:13:14,41.87,34.37,1008.76,8.55,756.83,1.0,90
2025-05-12 14:13:25,41.91,34.41,1008.77,8.4,752.86,1.04,90
2025-05-12 14:13:35,41.92,34.42,1008.76,8.42,754.34,1.0,90
2025-05-12 14:13:45,41.78,34.28,1008.74,8.36,764.59,1.05,90
2025-05-12 14:13:55,42.19,34.69,1008.75,8.38,763.05,0.43,90
2025-05-12 14:14:05,42.26,34.76,1008.77,8.3,757.54,nvt,90
2025-05-12 14:14:15,42.31,34.81,1008.76,8.17,761.69,0.05,90
2025-05-12 14:14:25,42.27,34.77,1008.76,8.01,767.91,0.38,315
2025-05-12 14:14:35,42.45,34.95,1008.76,7.91,761.93,0.29,45
2025-05-12 14:14:45,42.61,35.11,1008.77,7.9,769.51,nvt,45
2025-05-12 14:14:55,42.22,34.72,1008.77,7.97,770.52,0.05,45
2025-05-12 14:15:06,42.04,34.54,1008.74,8.01,768.5,0.19,315
2025-05-12 14:15:16,41.85,34.35,1008.72,8.24,769.27,0.24,135
2025-05-12 14:15:26,41.86,34.36,1008.7,8.12,776.56,0.14,315
2025-05-12 14:15:36,42.15,34.65,1008.71,8.26,773.3,0.14,90
2025-05-12 14:15:46,42.47,34.97,1008.72,8.03,776.5,0.1,90
2025-05-12 14:15:56,42.68,35.18,1008.72,7.68,778.81,0.43,90
2025-05-12 14:16:06,42.98,35.48,1008.74,7.71,777.1,0.47,90
2025-05-12 14:16:16,43.25,35.75,1008.73,7.55,777.04,0.14,90
2025-05-12 14:16:26,43.53,36.03,1008.75,7.14,778.81,0.05,90
2025-05-12 14:16:36,43.81,36.31,1008.75,6.9,779.94,0.05,90
2025-05-12 14:16:47,43.92,36.42,1008.73,7.19,782.07,nvt,90
2025-05-12 14:16:57,44.14,36.64,1008.73,6.91,783.14,nvt,90
2025-05-12 14:17:07,44.3,36.8,1008.73,7.06,791.08,nvt,90
2025-05-12 14:17:17,44.34,36.84,1008.72,6.93,794.93,0.05,90
2025-05-12 14:17:27,44.68,37.18,1008.74,6.56,796.71,nvt,90
2025-05-12 14:17:37,44.79,37.29,1008.74,6.5,796.3,0.19,90
2025-05-12 14:17:47,44.67,37.17,1008.73,6.49,796.65,0.76,90
2025-05-12 14:17:57,44.83,37.33,1008.74,6.43,801.92,0.38,90
2025-05-12 14:18:07,44.99,37.49,1008.73,6.62,803.23,0.57,90
2025-05-12 14:18:18,44.97,37.47,1008.71,6.37,802.16,0.43,90
2025-05-12 14:18:28,45.07,37.57,1008.72,6.21,803.94,0.19,90
2025-05-12 14:18:38,45.12,37.62,1008.72,5.98,807.67,0.57,90
2025-05-12 14:18:48,45.03,37.53,1008.73,6.33,806.61,0.48,90
2025-05-12 14:18:58,44.94,37.44,1008.73,6.06,811.82,0.05,90
2025-05-12 14:19:08,45.14,37.64,1008.73,6.03,813.84,0.05,90
2025-05-12 14:19:18,45.12,37.62,1008.73,6.09,815.73,nvt,90
2025-05-12 14:19:28,45.09,37.59,1008.73,6.18,817.63,0.05,90
2025-05-12 14:19:38,45.41,37.91,1008.73,6.11,820.0,0.05,90
2025-05-12 14:19:48,45.59,38.09,1008.75,6.23,819.17,nvt,45
2025-05-12 14:19:59,45.27,37.77,1008.79,6.38,827.05,0.05,135
2025-05-12 14:20:09,44.52,37.02,1008.73,6.71,829.42,0.19,90
2025-05-12 14:20:19,44.55,37.05,1008.7,6.83,826.58,0.24,90
2025-05-12 14:20:29,44.19,36.69,1008.71,6.9,828.41,0.14,90
2025-05-12 14:20:39,44.42,36.92,1008.72,6.88,828.35,0.05,90
2025-05-12 14:20:49,44.74,37.24,1008.69,6.87,830.96,0.05,nvt
2025-05-12 14:20:59,44.32,36.82,1008.67,6.91,831.55,0.09,45
2025-05-12 14:21:09,44.24,36.74,1008.69,7.0,833.27,0.19,315
2025-05-12 14:21:19,44.42,36.92,1008.7,7.04,833.63,0.09,nvt
2025-05-12 14:21:29,44.38,36.88,1008.7,7.08,834.64,0.14,nvt
2025-05-12 14:21:39,44.34,36.84,1008.72,7.03,836.18,nvt,nvt
2025-05-12 14:21:50,44.03,36.53,1008.74,7.22,835.58,nvt,nvt
2025-05-12 14:22:00,43.74,36.24,1008.79,7.31,838.72,nvt,nvt
2025-05-12 14:22:10,43.78,36.28,1008.81,7.47,847.02,0.05,45
2025-05-12 14:22:20,43.44,35.94,1008.78,7.51,844.83,0.24,nvt
2025-05-12 14:22:30,43.57,36.07,1008.76,7.46,842.75,0.09,135
2025-05-12 14:22:40,43.22,35.72,1008.79,7.55,849.27,nvt,90
2025-05-12 14:22:50,42.95,35.45,1008.79,7.68,845.48,0.05,225
2025-05-12 14:23:00,42.31,34.81,1008.72,7.95,845.6,0.14,nvt
2025-05-12 14:23:10,41.87,34.37,1008.74,8.18,845.77,0.05,45
2025-05-12 14:23:20,41.26,33.76,1008.73,8.54,845.72,0.19,315
2025-05-12 14:23:30,40.82,33.32,1008.71,8.87,848.74,0.19,nvt
2025-05-12 14:23:41,40.51,33.01,1008.72,9.03,851.05,0.1,270
2025-05-12 14:23:51,40.02,32.52,1008.71,9.33,853.06,0.05,180
2025-05-12 14:24:01,39.94,32.44,1008.71,9.42,856.32,0.1,135
2025-05-12 14:24:11,39.98,32.48,1008.69,9.52,857.33,0.28,315
2025-05-12 14:24:21,40.31,32.81,1008.72,9.27,859.58,0.29,135
2025-05-12 14:24:31,40.63,33.13,1008.71,8.99,858.69,0.05,90
2025-05-12 14:24:41,40.89,33.39,1008.71,8.94,857.21,0.05,135
2025-05-12 14:24:51,41.11,33.61,1008.7,8.85,860.94,nvt,315
2025-05-12 14:25:01,41.04,33.54,1008.7,8.76,866.99,0.29,90
2025-05-12 14:25:11,40.44,32.94,1008.67,9.2,864.91,0.14,180
2025-05-12 14:25:21,40.15,32.65,1008.67,9.69,865.15,0.24,225
2025-05-12 14:25:32,40.38,32.88,1008.67,9.26,862.66,0.19,135
2025-05-12 14:25:42,40.56,33.06,1008.66,9.31,865.27,nvt,45
2025-05-12 14:25:52,40.99,33.49,1008.66,8.87,867.11,0.05,45
2025-05-12 14:26:02,41.25,33.75,1008.67,8.63,868.94,nvt,45
2025-05-12 14:26:12,41.55,34.05,1008.67,8.45,868.94,0.1,45
2025-05-12 14:26:22,41.82,34.32,1008.69,8.3,865.86,nvt,45
2025-05-12 14:26:32,41.98,34.48,1008.69,8.3,865.39,0.05,45
2025-05-12 14:26:42,41.78,34.28,1008.67,8.4,869.95,0.24,315
2025-05-12 14:26:52,41.74,34.24,1008.65,8.45,867.4,0.19,45
2025-05-12 14:27:02,41.74,34.24,1008.66,8.41,865.98,0.05,nvt
2025-05-12 14:27:12,41.11,33.61,1008.66,8.69,865.15,0.05,90
2025-05-12 14:27:22,41.21,33.71,1008.67,8.73,863.31,nvt,45
2025-05-12 14:27:33,41.58,34.08,1008.67,8.6,859.76,0.05,45
2025-05-12 14:27:43,41.32,33.82,1008.69,8.61,863.02,nvt,45
2025-05-12 14:27:53,41.59,34.09,1008.68,8.41,854.49,0.1,90
2025-05-12 14:28:03,41.34,33.84,1008.69,8.62,868.83,0.19,45
2025-05-12 14:28:13,41.55,34.05,1008.7,8.52,861.36,0.14,315
2025-05-12 14:28:23,41.52,34.02,1008.69,8.55,864.38,0.33,45
2025-05-12 14:28:33,41.27,33.77,1008.69,8.77,860.71,0.14,270
2025-05-12 14:28:43,40.96,33.46,1008.67,8.97,862.78,0.19,270
2025-05-12 14:28:53,40.88,33.38,1008.65,8.81,864.62,0.24,135
2025-05-12 14:29:04,41.09,33.59,1008.66,8.78,866.51,0.1,45
2025-05-12 14:29:14,41.39,33.89,1008.64,8.66,864.2,0.05,90
2025-05-12 14:29:24,41.81,34.31,1008.66,8.33,871.08,0.05,90
2025-05-12 14:29:34,42.03,34.53,1008.64,8.22,875.64,nvt,90
2025-05-12 14:29:44,42.15,34.65,1008.65,8.15,877.6,nvt,90
2025-05-12 14:29:54,42.3,34.8,1008.65,8.02,878.48,nvt,90
2025-05-12 14:30:04,42.51,35.01,1008.67,8.06,877.0,nvt,90
2025-05-12 14:30:14,42.39,34.89,1008.66,7.94,884.65,0.05,45
2025-05-12 14:30:24,42.05,34.55,1008.65,8.01,882.16,0.43,180
2025-05-12 14:30:34,41.74,34.24,1008.62,8.42,880.74,0.24,225
2025-05-12 14:30:44,41.72,34.22,1008.63,8.52,884.53,0.24,135
2025-05-12 14:30:55,41.97,34.47,1008.63,8.33,885.77,0.14,nvt
2025-05-12 14:31:05,42.41,34.91,1008.67,8.49,889.09,0.05,nvt
2025-05-12 14:31:15,42.44,34.94,1008.68,7.93,889.39,0.1,nvt
2025-05-12 14:31:25,42.82,35.32,1008.7,7.74,887.79,nvt,nvt
2025-05-12 14:31:35,43.28,35.78,1008.7,7.53,886.31,nvt,nvt
2025-05-12 14:31:45,43.53,36.03,1008.72,7.32,886.54,nvt,nvt
2025-05-12 14:31:55,43.79,36.29,1008.73,7.26,888.91,nvt,nvt
2025-05-12 14:32:05,44.19,36.69,1008.69,7.03,888.91,0.05,nvt
2025-05-12 14:32:15,44.49,36.99,1008.68,12.34,1742.1,0.43,180
2025-05-12 14:32:25,44.48,36.98,1008.66,7.1,828.53,1.29,90
2025-05-12 14:32:35,44.73,37.23,1008.68,7.16,775.97,1.33,90
2025-05-12 14:32:45,44.38,36.88,1008.65,6.87,773.84,1.47,90
2025-05-12 14:32:56,43.38,35.88,1008.67,33.86,2391.92,1.38,90
2025-05-12 14:33:06,43.33,35.83,1008.79,13.78,897.33,1.1,90
2025-05-12 14:33:16,43.43,35.93,1008.79,8.18,737.39,0.38,315
2025-05-12 14:33:26,43.59,36.09,1008.78,7.8,737.69,0.24,315
2025-05-12 14:33:36,43.85,36.35,1008.75,7.66,740.42,0.14,90
2025-05-12 14:33:46,43.95,36.45,1008.75,7.78,1045.85,0.43,45
2025-05-12 14:33:56,44.17,36.67,1008.75,10.67,37955.41,0.09,45
2025-05-12 14:34:06,45.49,37.99,1008.71,6.24,nvt,0.14,45
2025-05-12 14:34:16,45.63,38.13,1008.71,8.85,79.58,0.76,90
2025-05-12 14:34:26,45.81,38.31,1008.7,7.36,449.42,1.48,90
2025-05-12 14:34:37,45.88,38.38,1008.71,7.0,455.66,1.05,90
2025-05-12 14:34:47,45.87,38.37,1008.69,6.97,467.64,0.95,90
2025-05-12 14:34:57,45.93,38.43,1008.7,6.9,469.73,1.33,90
2025-05-12 14:35:10,nvt,nvt,nvt,nvt,nvt,nvt,nvt
2025-05-12 14:35:20,22.3,14.8,661.22,60.52,963.56,nvt,90
2025-05-12 14:37:37,nvt,nvt,nvt,nvt,nvt,nvt,nvt
2025-05-12 14:37:47,22.3,14.8,661.22,60.52,2865.49,nvt,90
2025-05-12 14:37:57,44.88,37.38,1008.68,7.67,1457.45,0.14,90
2025-05-12 14:38:07,45.06,37.56,1008.67,7.61,1463.75,nvt,90
2025-05-12 14:38:17,45.13,37.63,1008.69,7.56,1480.39,0.05,90
2025-05-12 14:38:28,45.27,37.77,1008.69,7.5,1497.63,0.29,90
2025-05-12 14:38:38,45.36,37.86,1008.69,7.38,1501.01,0.81,90
2025-05-12 14:38:48,45.52,38.02,1008.67,7.28,1514.1,0.19,45
2025-05-12 14:38:58,45.52,38.02,1008.65,7.29,1520.65,0.05,45
2025-05-12 14:39:08,45.52,38.02,1008.64,7.3,1550.3,0.05,45
2025-05-12 14:39:18,45.25,37.75,1008.66,7.45,1567.68,0.05,45
2025-05-12 14:39:28,45.09,37.59,1008.67,7.49,1586.27,0.76,90
2025-05-12 14:39:38,45.07,37.57,1008.67,7.53,1613.3,1.28,90
2025-05-12 14:39:48,45.01,37.51,1008.65,7.62,1609.76,1.43,90
2025-05-12 14:39:58,45.02,37.52,1008.64,7.67,1652.14,1.19,90
2025-05-12 14:40:09,45.03,37.53,1008.64,7.69,1685.41,1.43,90
2025-05-12 14:40:19,45.01,37.51,1008.66,7.75,1701.2,1.57,90
2025-05-12 14:40:29,44.93,37.43,1008.65,7.85,1722.06,1.56,90
2025-05-12 14:40:39,44.87,37.37,1008.66,7.7,1742.12,1.04,90
2025-05-12 14:40:49,44.95,37.45,1008.65,7.64,1736.44,1.71,90
2025-05-12 14:40:59,44.92,37.42,1008.67,7.66,1802.43,1.9,90
2025-05-12 14:41:09,44.85,37.35,1008.68,7.71,1825.61,1.75,90
2025-05-12 14:41:19,44.89,37.39,1008.66,7.68,1863.1,1.34,90
2025-05-12 14:41:29,44.81,37.31,1008.64,7.75,1875.22,1.14,90
2025-05-12 14:41:39,44.85,37.35,1008.64,7.71,1924.94,1.19,90
2025-05-12 14:41:50,44.89,37.39,1008.64,7.72,1914.06,1.52,90
2025-05-12 14:42:00,44.91,37.41,1008.63,7.71,2031.96,2.15,90
2025-05-12 14:42:10,44.81,37.31,1008.62,7.76,2083.21,1.76,90
2025-05-12 14:42:20,44.8,37.3,1008.64,7.83,2362.11,1.67,90
2025-05-12 14:42:30,44.8,37.3,1008.62,7.83,3758.01,2.18,90
2025-05-12 14:42:40,44.79,37.29,1008.63,7.88,6114.86,1.76,90
2025-05-12 14:42:50,44.8,37.3,1008.64,7.87,10087.23,1.8,90
2025-05-12 14:43:00,44.75,37.25,1008.59,7.91,13948.95,2.37,90
2025-05-12 14:43:10,44.83,37.33,1008.6,7.86,16771.18,2.29,90
2025-05-12 14:43:20,44.97,37.47,1008.61,7.79,42643.87,1.86,90
2025-05-12 14:43:30,45.01,37.51,1008.59,7.79,42140.01,1.43,90
2025-05-12 14:43:41,45.08,37.58,1008.59,7.76,38002.18,1.42,90
2025-05-12 14:43:51,45.23,37.73,1008.57,7.67,37996.74,1.57,90
2025-05-12 14:44:01,45.43,37.93,1008.54,7.56,37984.69,1.57,90
2025-05-12 14:44:11,45.64,38.14,1008.5,7.42,37968.19,1.96,90
2025-05-12 14:44:21,45.95,38.45,1008.48,7.31,37964.89,1.96,90
2025-05-12 14:44:31,46.24,38.74,1008.38,7.1,37948.57,3.29,90
2025-05-12 14:44:41,46.62,39.12,1008.31,6.91,37949.36,2.18,90
2025-05-12 14:44:51,47.01,39.51,1008.27,6.68,37927.78,2.96,90
2025-05-12 14:45:01,47.41,39.91,1008.21,6.47,37942.94,2.18,90
2025-05-12 14:45:11,47.47,39.97,1008.62,9.82,27.38,2.19,90
2025-05-12 14:45:21,47.53,40.03,1008.64,12.47,30.75,1.99,90
2025-05-12 14:45:32,47.18,39.68,1008.6,7.12,212.68,1.85,90
2025-05-12 14:45:42,46.9,39.4,1008.58,7.46,188.76,2.55,90
2025-05-12 14:45:52,46.75,39.25,1008.59,7.0,161.65,2.72,90
2025-05-12 14:46:02,46.65,39.15,1008.61,7.06,14.93,2.81,90
2025-05-12 14:46:12,46.62,39.12,1008.64,9.28,8.53,2.43,90
2025-05-12 14:46:22,46.6,39.1,1008.63,8.1,9.84,1.76,90
2025-05-12 14:46:32,46.62,39.12,1008.61,7.62,7.17,1.05,90
2025-05-12 14:46:42,46.62,39.12,1008.61,7.46,6.93,1.75,90
2025-05-12 14:46:52,46.56,39.06,1008.63,8.47,7.88,2.1,90
2025-05-14 09:48:56,38.46,30.96,1014.49,12.04,229.99,nvt,45
2025-05-14 09:49:57,38.61,31.11,1014.49,12.22,227.06,0.71,45
2025-05-14 10:04:10,39.05,31.55,1014.4,12.1,140.68,0.52,45
2025-05-14 10:05:11,39.01,31.51,1014.39,11.89,139.7,0.38,45
2025-05-14 10:06:12,39.28,31.78,1014.4,11.8,143.19,nvt,45
2025-05-14 10:07:12,38.87,31.37,1014.39,11.93,135.98,nvt,45
2025-05-14 10:08:13,38.93,31.43,1014.41,12.08,140.25,1.14,90
2025-05-14 10:09:13,39.22,31.72,1014.39,11.85,138.3,0.33,90
2025-05-14 10:10:14,39.14,31.64,1014.38,11.64,246.76,0.33,90
2025-05-14 10:11:14,39.19,31.69,1014.4,11.53,244.2,0.33,90
2025-05-14 10:12:15,38.89,31.39,1014.4,11.66,241.45,1.29,90
2025-05-14 10:13:15,39.02,31.52,1014.4,11.6,248.29,1.38,90
2025-05-14 10:14:16,39.38,31.88,1014.42,11.55,238.33,1.14,90
2025-05-14 10:15:17,39.65,32.15,1014.45,11.51,129.87,0.05,45
2025-05-14 10:16:18,39.96,32.46,1014.43,11.47,143.56,0.71,45
2025-05-14 10:17:18,39.8,32.3,1014.44,11.3,107.93,0.91,45
2025-05-14 10:18:19,39.97,32.47,1014.45,11.34,124.38,1.14,90
2025-05-14 10:19:19,39.92,32.42,1014.44,11.31,127.68,1.43,90
2025-05-14 10:20:20,40.17,32.67,1014.46,11.15,130.06,1.38,90
2025-05-14 10:21:20,40.42,32.92,1014.48,10.95,130.85,1.19,90
2025-05-14 10:22:21,40.37,32.87,1014.46,11.05,123.4,0.62,90
2025-05-14 10:23:22,40.41,32.91,1014.47,11.07,129.08,1.33,90
2025-05-14 10:24:22,40.36,32.86,1014.46,10.97,124.19,1.04,90
2025-05-14 10:25:23,40.43,32.93,1014.46,10.99,124.01,1.19,90
2025-05-14 10:26:23,40.27,32.77,1014.46,10.95,125.17,0.91,90
2025-05-14 10:27:24,40.37,32.87,1014.47,10.85,128.66,1.47,90
2025-05-14 10:28:24,40.31,32.81,1014.47,10.76,127.31,nvt,90
2025-05-14 10:29:25,39.87,32.37,1014.47,11.03,127.31,nvt,45
2025-05-14 10:30:26,39.5,32.0,1014.5,11.24,130.61,0.05,nvt
2025-05-14 10:31:26,39.47,31.97,1014.49,11.3,135.31,nvt,nvt
2025-05-14 10:32:27,39.83,32.33,1014.49,11.33,135.5,0.85,90
2025-05-14 10:33:27,40.03,32.53,1014.49,11.17,131.59,1.09,90
2025-05-14 10:34:28,40.12,32.62,1014.5,11.17,130.79,0.57,90
2025-05-14 10:35:29,40.07,32.57,1014.51,11.1,129.21,1.42,90
2025-05-14 10:36:29,40.35,32.85,1014.51,10.88,126.46,0.48,90
