2025-02-27 11:49:36,35.6,28.1,1013.27,14.63,430.69,nvt,90
2025-02-27 11:49:46,35.7,28.2,1013.28,14.47,431.02,nvt,90
2025-02-27 11:49:56,35.81,28.31,1013.31,14.35,430.13,nvt,90
2025-02-27 11:50:06,35.84,28.34,1013.3,14.37,433.01,nvt,90
2025-02-27 11:50:16,35.88,28.38,1013.3,14.3,437.67,nvt,90
2025-02-27 11:50:26,35.86,28.36,1013.29,14.34,433.13,nvt,90
2025-02-27 11:50:36,35.9,28.4,1013.26,14.26,438.34,nvt,90
2025-02-27 11:50:46,35.89,28.39,1013.26,14.35,445.76,nvt,90
2025-02-27 11:50:56,35.82,28.32,1013.28,14.45,450.85,nvt,90
2025-02-27 11:51:06,35.78,28.28,1013.27,14.52,451.74,nvt,90
2025-02-27 11:51:16,35.69,28.19,1013.28,14.68,447.42,nvt,90
2025-02-27 11:51:26,35.74,28.24,1013.32,14.47,444.96,nvt,90
2025-02-27 11:51:36,35.88,28.38,1013.29,14.36,443.3,nvt,90
2025-02-27 11:51:46,35.99,28.49,1013.31,14.3,435.33,nvt,90
2025-02-27 11:51:56,35.9,28.4,1013.32,14.36,416.06,nvt,90
2025-02-27 11:52:06,35.84,28.34,1013.34,14.4,404.87,nvt,90
2025-02-27 11:52:16,35.85,28.35,1013.34,14.37,401.99,nvt,90
2025-02-27 11:52:26,35.7,28.2,1013.29,14.49,399.11,nvt,90
2025-02-27 11:52:37,35.68,28.18,1013.3,14.36,392.46,nvt,90
2025-02-27 11:52:47,35.7,28.2,1013.29,14.37,378.95,nvt,90
2025-02-27 11:52:57,35.71,28.21,1013.28,14.32,381.27,nvt,90
2025-02-27 11:53:07,35.77,28.27,1013.29,14.37,368.98,nvt,90
2025-02-27 11:53:17,35.71,28.21,1013.32,14.49,378.18,nvt,90
2025-02-27 11:53:27,35.65,28.15,1013.28,14.55,388.81,nvt,90
2025-02-27 11:53:37,35.5,28.0,1013.32,14.66,384.49,nvt,90
2025-02-27 11:53:47,35.53,28.03,1013.3,14.56,376.74,nvt,90
2025-02-27 11:53:57,35.52,28.02,1013.31,14.6,368.65,nvt,90
2025-02-27 11:54:07,35.49,27.99,1013.29,14.63,367.21,nvt,90
2025-02-27 11:54:17,35.41,27.91,1013.29,14.69,365.77,nvt,90
2025-02-27 11:54:27,35.36,27.86,1013.29,14.72,367.21,nvt,90
2025-02-27 11:54:37,35.32,27.82,1013.31,14.8,365.21,nvt,90
2025-02-27 11:54:47,35.2,27.7,1013.28,14.85,365.21,nvt,90
2025-02-27 11:54:57,35.17,27.67,1013.32,14.87,358.57,nvt,90
2025-02-27 11:55:07,35.17,27.67,1013.29,14.87,357.13,nvt,90
2025-02-27 11:55:17,35.04,27.54,1013.27,14.89,357.13,nvt,90
2025-02-27 11:55:27,34.99,27.49,1013.29,15.0,357.13,nvt,90
2025-02-27 11:55:37,34.96,27.46,1013.28,15.08,365.21,nvt,90
2025-02-27 11:55:47,34.88,27.38,1013.28,15.08,358.57,nvt,90
2025-02-27 11:55:57,34.77,27.27,1013.3,15.06,348.6,nvt,90
2025-02-27 11:56:07,34.68,27.18,1013.32,15.25,339.74,nvt,90
2025-02-27 11:56:17,34.63,27.13,1013.32,15.3,341.18,nvt,90
2025-02-27 11:56:27,34.65,27.15,1013.32,15.29,339.41,nvt,90
2025-02-27 11:56:37,34.65,27.15,1013.32,15.24,338.85,nvt,90
2025-02-27 11:56:47,34.61,27.11,1013.3,15.39,343.06,nvt,90
2025-02-27 11:56:57,34.52,27.02,1013.29,15.51,339.96,nvt,90
2025-02-27 11:57:07,34.49,26.99,1013.29,15.51,342.62,nvt,90
2025-02-27 11:57:17,34.53,27.03,1013.33,15.46,342.29,nvt,90
2025-02-27 11:57:27,34.47,26.97,1013.32,15.46,343.73,nvt,90
2025-02-27 11:57:37,34.28,26.78,1013.3,15.65,347.16,nvt,90
2025-02-27 11:57:47,34.2,26.7,1013.32,15.75,352.03,nvt,90
2025-02-27 11:57:57,34.24,26.74,1013.33,15.77,358.01,nvt,90
2025-02-27 11:58:07,34.21,26.71,1013.29,15.76,352.59,nvt,90
2025-02-27 11:58:17,34.16,26.66,1013.33,15.82,363.11,nvt,90
2025-02-27 11:58:27,34.17,26.67,1013.35,15.83,366.76,nvt,90
2025-02-27 11:58:37,34.09,26.59,1013.34,15.87,358.01,nvt,90
2025-02-27 11:58:47,34.0,26.5,1013.33,16.0,361.11,nvt,90
2025-02-27 11:58:57,34.01,26.51,1013.33,16.03,371.63,nvt,90
2025-02-27 11:59:07,34.05,26.55,1013.32,15.98,372.74,nvt,90
2025-02-27 11:59:17,33.33,25.83,1013.31,16.53,364.55,nvt,90
2025-02-27 11:59:28,33.34,25.84,1013.31,16.53,346.27,nvt,90
2025-02-27 11:59:38,33.5,26.0,1013.31,16.45,350.04,nvt,90
2025-02-27 11:59:48,33.66,26.16,1013.31,16.27,350.04,nvt,90
2025-02-27 11:59:58,33.81,26.31,1013.29,16.17,348.6,nvt,90
2025-02-27 12:00:08,33.89,26.39,1013.29,16.06,350.04,nvt,90
2025-02-27 12:00:18,34.0,26.5,1013.3,15.97,353.81,nvt,90
2025-02-27 12:00:28,34.05,26.55,1013.32,15.92,358.13,nvt,90
2025-02-27 12:00:38,34.13,26.63,1013.27,15.93,358.13,nvt,90
2025-02-27 12:00:48,34.12,26.62,1013.27,15.92,361.23,nvt,90
2025-02-27 12:00:58,34.19,26.69,1013.25,15.87,356.35,nvt,90
2025-02-27 12:01:08,34.23,26.73,1013.27,15.81,350.04,nvt,90
2025-02-27 12:01:18,34.06,26.56,1013.31,16.01,348.05,nvt,90
2025-02-27 12:01:28,34.09,26.59,1013.29,15.98,350.38,nvt,90
2025-02-27 12:01:38,34.23,26.73,1013.29,15.8,350.04,nvt,90
2025-02-27 12:01:48,34.32,26.82,1013.25,15.75,350.04,nvt,90
2025-02-27 12:01:58,34.35,26.85,1013.26,15.65,350.93,nvt,90
2025-02-27 12:02:08,34.39,26.89,1013.26,15.69,350.93,nvt,90
2025-02-27 12:02:18,34.43,26.93,1013.26,15.76,352.03,nvt,90
2025-02-27 12:02:28,34.44,26.94,1013.27,15.77,352.03,nvt,90
2025-02-27 12:02:38,34.43,26.93,1013.29,15.73,351.15,nvt,90
2025-02-27 12:02:48,34.43,26.93,1013.27,15.62,353.47,nvt,90
2025-02-27 12:02:58,34.4,26.9,1013.28,15.7,355.47,nvt,90
2025-02-27 12:03:08,34.26,26.76,1013.24,15.78,353.47,nvt,90
2025-02-27 12:03:18,34.25,26.75,1013.27,15.85,353.14,nvt,90
2025-02-27 12:03:28,34.31,26.81,1013.24,15.84,354.58,nvt,90
2025-02-27 12:03:38,34.37,26.87,1013.26,15.81,352.03,nvt,90
2025-02-27 12:03:48,34.45,26.95,1013.29,15.75,348.6,nvt,90
2025-02-27 12:03:58,34.53,27.03,1013.29,15.68,345.72,nvt,90
2025-02-27 12:04:08,34.49,26.99,1013.29,15.71,342.62,nvt,90
2025-02-27 12:04:18,34.47,26.97,1013.28,15.71,342.62,nvt,90
2025-02-27 12:04:28,34.36,26.86,1013.27,15.76,342.96,nvt,90
2025-02-27 12:04:38,34.4,26.9,1013.29,15.76,344.4,nvt,90
2025-02-27 12:04:48,34.41,26.91,1013.26,15.75,344.4,nvt,90
2025-02-27 12:04:58,34.43,26.93,1013.28,15.66,346.39,nvt,90
2025-02-27 12:05:08,34.58,27.08,1013.28,15.52,347.5,nvt,90
2025-02-27 12:05:18,34.69,27.19,1013.27,15.54,351.04,nvt,90
2025-02-27 12:05:28,34.67,27.17,1013.29,15.56,350.71,nvt,90
2025-02-27 12:05:38,34.52,27.02,1013.26,15.66,353.92,nvt,90
2025-02-27 12:05:48,34.52,27.02,1013.24,15.6,356.25,nvt,90
2025-02-27 12:05:58,34.69,27.19,1013.24,15.57,357.69,nvt,90
2025-02-27 12:06:08,34.63,27.13,1013.25,15.48,356.8,nvt,90
2025-02-27 12:06:18,34.7,27.2,1013.26,15.46,361.12,nvt,90
2025-02-27 12:06:29,34.76,27.26,1013.28,15.39,362.56,nvt,90
2025-02-27 12:06:39,34.86,27.36,1013.24,15.2,360.24,nvt,90
2025-02-27 12:06:49,34.82,27.32,1013.24,15.26,344.83,nvt,90
2025-02-27 12:06:59,34.95,27.45,1013.26,15.21,356.8,nvt,90
2025-02-27 12:07:09,34.94,27.44,1013.26,15.3,364.0,nvt,90
2025-02-27 12:07:19,34.99,27.49,1013.24,15.23,360.24,nvt,90
2025-02-27 12:07:29,35.08,27.58,1013.26,15.16,371.21,nvt,90
2025-02-27 12:07:39,35.15,27.65,1013.26,15.17,379.29,nvt,90
2025-02-27 12:07:49,35.16,27.66,1013.27,15.1,384.72,nvt,90
2025-02-27 12:07:59,35.0,27.5,1013.23,15.23,390.81,nvt,90
2025-02-27 12:08:09,34.86,27.36,1013.25,15.35,395.02,nvt,90
2025-02-27 12:08:19,34.9,27.4,1013.25,15.36,398.79,nvt,90
2025-02-27 12:08:29,34.89,27.39,1013.25,15.33,398.23,nvt,90
2025-02-27 12:08:39,34.99,27.49,1013.25,15.28,395.91,nvt,90
2025-02-27 12:08:49,35.04,27.54,1013.26,15.2,391.59,nvt,90
2025-02-27 12:08:59,35.05,27.55,1013.26,15.07,399.34,nvt,90
2025-02-27 12:09:09,35.14,27.64,1013.26,15.15,399.34,nvt,90
2025-02-27 12:09:19,35.2,27.7,1013.24,15.13,398.79,nvt,90
2025-02-27 12:09:29,35.16,27.66,1013.22,15.06,398.45,nvt,90
2025-02-27 12:09:39,35.07,27.57,1013.26,15.24,404.21,nvt,90
2025-02-27 12:09:49,35.02,27.52,1013.25,15.27,411.41,nvt,90
2025-02-27 12:09:59,35.05,27.55,1013.26,15.23,413.41,nvt,90
2025-02-27 12:10:09,35.01,27.51,1013.24,15.14,409.97,nvt,90
2025-02-27 12:10:19,34.96,27.46,1013.22,15.23,405.65,nvt,90
2025-02-27 12:10:29,35.05,27.55,1013.22,15.22,407.31,nvt,90
2025-02-27 12:10:39,35.05,27.55,1013.22,15.21,405.65,nvt,90
2025-02-27 12:10:49,35.11,27.61,1013.19,15.07,407.31,nvt,90
2025-02-27 12:10:59,35.16,27.66,1013.18,15.07,402.77,nvt,90
2025-02-27 12:11:09,35.15,27.65,1013.23,15.1,397.9,nvt,90
2025-02-27 12:11:19,35.1,27.6,1013.22,14.96,397.9,nvt,90
2025-02-27 12:11:29,35.19,27.69,1013.23,15.07,398.79,nvt,90
2025-02-27 12:11:39,35.23,27.73,1013.21,15.1,399.34,nvt,90
2025-02-27 12:11:49,35.29,27.79,1013.23,15.07,402.77,nvt,90
2025-02-27 12:11:59,35.32,27.82,1013.25,15.04,403.33,nvt,90
2025-02-27 12:12:09,35.18,27.68,1013.23,15.0,407.31,nvt,90
2025-02-27 12:12:19,35.15,27.65,1013.25,15.15,406.42,nvt,90
2025-02-27 12:12:29,34.91,27.41,1013.24,15.28,421.26,nvt,90
2025-02-27 12:12:39,34.77,27.27,1013.24,15.42,416.06,nvt,90
2025-02-27 12:12:49,34.73,27.23,1013.25,15.48,409.52,nvt,90
2025-02-27 12:12:59,34.9,27.4,1013.19,15.35,426.57,nvt,90
2025-02-27 12:13:09,34.77,27.27,1013.23,15.43,421.15,nvt,90
2025-02-27 12:13:20,34.83,27.33,1013.19,15.34,404.65,nvt,90
2025-02-27 12:13:30,35.0,27.5,1013.19,15.25,398.12,nvt,90
2025-02-27 12:13:40,35.16,27.66,1013.23,15.14,389.81,nvt,90
2025-02-27 12:13:50,35.23,27.73,1013.24,15.01,383.5,nvt,90
2025-02-27 12:14:00,35.31,27.81,1013.22,14.97,376.3,nvt,90
2025-02-27 12:14:10,35.31,27.81,1013.23,14.95,374.3,nvt,90
2025-02-27 12:14:20,35.33,27.83,1013.21,15.02,376.08,nvt,90
2025-02-27 12:14:30,35.38,27.88,1013.24,15.07,378.29,nvt,90
2025-02-27 12:14:40,35.31,27.81,1013.22,15.14,380.62,nvt,90
2025-02-27 12:14:50,35.35,27.85,1013.18,15.13,382.39,nvt,90
2025-02-27 12:15:00,35.32,27.82,1013.16,15.07,382.06,0.05,90
2025-02-27 12:15:10,35.23,27.73,1013.19,15.16,361.78,nvt,90
2025-02-27 12:15:20,35.06,27.56,1013.19,15.26,350.26,nvt,90
2025-02-27 12:15:30,35.21,27.71,1013.19,15.22,418.15,nvt,90
2025-02-27 12:15:40,35.18,27.68,1013.19,15.15,419.26,nvt,90
2025-02-27 12:15:50,35.24,27.74,1013.17,15.21,428.23,nvt,90
2025-02-27 12:16:00,35.29,27.79,1013.19,15.14,425.57,nvt,90
2025-02-27 12:16:10,35.37,27.87,1013.19,15.06,429.89,nvt,90
2025-02-27 12:16:20,35.3,27.8,1013.2,15.07,438.2,nvt,90
2025-02-27 12:16:30,35.36,27.86,1013.18,15.06,443.07,nvt,90
2025-02-27 12:16:40,35.41,27.91,1013.19,14.9,448.61,nvt,90
2025-02-27 12:16:50,35.51,28.01,1013.15,14.87,427.14,nvt,90
2025-02-27 12:17:00,35.64,28.14,1013.17,14.8,436.22,nvt,90
2025-02-27 12:17:10,35.62,28.12,1013.16,14.77,432.45,nvt,90
2025-02-27 12:17:20,35.64,28.14,1013.18,14.77,456.03,nvt,90
2025-02-27 12:17:30,35.68,28.18,1013.18,14.76,454.26,nvt,90
2025-02-27 12:17:40,35.69,28.19,1013.16,14.68,456.25,nvt,90
2025-02-27 12:17:50,35.62,28.12,1013.16,14.62,454.26,nvt,90
2025-02-27 12:18:00,35.21,27.71,1013.16,14.84,456.58,nvt,90
2025-02-27 12:18:10,34.88,27.38,1013.12,15.15,454.59,nvt,90
2025-02-27 12:18:20,34.99,27.49,1013.13,15.27,447.61,nvt,90
2025-02-27 12:18:30,34.95,27.45,1013.12,15.18,441.08,nvt,90
2025-02-27 12:18:40,34.93,27.43,1013.14,15.11,435.32,nvt,90
2025-02-27 12:18:50,34.49,26.99,1013.17,15.52,397.67,nvt,90
2025-02-27 12:19:00,34.61,27.11,1013.16,15.37,410.06,nvt,90
2025-02-27 12:19:10,34.64,27.14,1013.16,15.46,419.48,nvt,90
2025-02-27 12:19:20,34.17,26.67,1013.13,15.65,401.32,nvt,90
2025-02-27 12:19:30,34.2,26.7,1013.14,15.79,382.5,nvt,90
2025-02-27 12:19:40,34.19,26.69,1013.14,15.68,381.39,nvt,90
2025-02-27 12:19:50,34.14,26.64,1013.16,15.71,385.71,nvt,90
2025-02-27 12:20:00,34.19,26.69,1013.15,15.96,393.8,nvt,90
2025-02-27 12:20:10,34.34,26.84,1013.13,15.92,400.66,nvt,90
2025-02-27 12:20:20,34.35,26.85,1013.14,15.89,406.98,nvt,90
2025-02-27 12:20:30,34.07,26.57,1013.21,15.9,407.53,nvt,90
2025-02-27 12:20:41,34.14,26.64,1013.17,15.87,412.4,nvt,90
2025-02-27 12:20:51,34.26,26.76,1013.18,15.75,418.72,nvt,90
2025-02-27 12:21:01,34.26,26.76,1013.16,15.71,423.92,nvt,90
2025-02-27 12:21:11,33.43,25.93,1013.19,16.0,423.04,nvt,90
2025-02-27 12:21:21,33.14,25.64,1013.15,16.63,428.24,nvt,90
2025-02-27 12:21:31,33.31,25.81,1013.18,16.56,417.83,nvt,90
2025-02-27 12:21:41,32.85,25.35,1013.17,16.8,417.06,nvt,90
2025-02-27 12:21:51,32.75,25.25,1013.18,16.97,422.27,nvt,90
2025-02-27 12:22:01,32.45,24.95,1013.2,16.98,415.06,nvt,90
2025-02-27 12:22:11,32.8,25.3,1013.15,16.89,417.39,nvt,90
2025-02-27 12:22:21,33.1,25.6,1013.2,16.78,413.41,nvt,90
2025-02-27 12:22:31,33.17,25.67,1013.18,16.87,401.55,nvt,90
2025-02-27 12:22:41,33.17,25.67,1013.16,16.78,392.36,nvt,90
2025-02-27 12:22:51,33.29,25.79,1013.17,16.76,386.04,nvt,90
2025-02-27 12:23:01,33.47,25.97,1013.17,16.74,386.93,nvt,90
2025-02-27 12:23:11,33.54,26.04,1013.17,16.44,388.04,nvt,90
2025-02-27 12:23:21,33.62,26.12,1013.2,16.36,389.7,nvt,90
2025-02-27 12:23:31,33.66,26.16,1013.19,16.7,389.7,nvt,90
2025-02-27 12:23:41,33.72,26.22,1013.19,16.61,392.91,nvt,90
2025-02-27 12:23:51,33.84,26.34,1013.18,16.44,392.91,nvt,90
2025-02-27 12:24:01,33.91,26.41,1013.18,16.29,394.9,nvt,90
2025-02-27 12:24:11,33.96,26.46,1013.17,16.23,385.38,nvt,90
2025-02-27 12:24:21,34.05,26.55,1013.16,16.0,382.5,nvt,90
2025-02-27 12:24:31,34.14,26.64,1013.15,16.02,386.26,nvt,90
2025-02-27 12:24:41,34.23,26.73,1013.12,15.89,388.04,nvt,90
2025-02-27 12:24:51,34.3,26.8,1013.11,15.88,385.71,nvt,90
2025-02-27 12:25:01,34.42,26.92,1013.11,15.84,382.06,nvt,90
2025-02-27 12:25:11,34.38,26.88,1013.12,15.85,378.51,nvt,90
2025-02-27 12:25:21,34.5,27.0,1013.13,15.7,383.72,nvt,90
2025-02-27 12:25:31,34.53,27.03,1013.16,15.62,394.35,nvt,90
2025-02-27 12:25:41,34.38,26.88,1013.11,15.52,384.27,nvt,90
2025-02-27 12:25:51,34.25,26.75,1013.14,15.69,381.72,nvt,90
2025-02-27 12:26:01,34.32,26.82,1013.16,15.64,373.85,nvt,90
2025-02-27 12:26:11,34.23,26.73,1013.08,15.76,376.52,nvt,90
2025-02-27 12:26:21,34.36,26.86,1013.11,15.7,373.85,nvt,90
2025-02-27 12:26:31,34.45,26.95,1013.11,15.75,368.76,nvt,90
2025-02-27 12:26:41,34.44,26.94,1013.09,15.77,365.88,nvt,90
2025-02-27 12:26:51,34.35,26.85,1013.16,15.93,344.5,nvt,90
2025-02-27 12:27:01,34.25,26.75,1013.13,15.93,351.03,nvt,90
2025-02-27 12:27:11,33.9,26.4,1013.16,15.78,366.65,nvt,90
2025-02-27 12:27:21,33.44,25.94,1013.1,16.43,370.97,nvt,90
2025-02-27 12:27:31,33.67,26.17,1013.12,16.29,379.06,nvt,90
2025-02-27 12:27:41,33.69,26.19,1013.13,16.16,376.18,nvt,90
2025-02-27 12:27:51,33.74,26.24,1013.11,16.14,381.39,nvt,90
2025-02-27 12:28:01,33.89,26.39,1013.13,16.0,379.95,nvt,90
2025-02-27 12:28:12,33.89,26.39,1013.16,15.69,377.62,nvt,90
2025-02-27 12:28:22,34.08,26.58,1013.08,15.79,379.95,nvt,90
2025-02-27 12:28:32,33.99,26.49,1013.12,15.86,379.06,nvt,90
2025-02-27 12:28:42,33.85,26.35,1013.11,16.0,381.61,nvt,90
2025-02-27 12:28:52,33.98,26.48,1013.08,15.94,386.15,nvt,90
2025-02-27 12:29:02,34.09,26.59,1013.06,15.98,390.25,nvt,90
2025-02-27 12:29:12,34.13,26.63,1013.06,15.98,395.12,nvt,90
2025-02-27 12:29:22,33.98,26.48,1013.07,16.14,395.12,nvt,90
2025-02-27 12:29:32,33.69,26.19,1013.1,16.31,398.56,nvt,90
2025-02-27 12:29:42,33.74,26.24,1013.09,16.36,397.67,nvt,90
2025-02-27 12:29:52,33.82,26.32,1013.09,16.3,397.67,nvt,90
2025-02-27 12:30:02,34.02,26.52,1013.1,16.11,398.22,nvt,90
2025-02-27 12:30:12,34.21,26.71,1013.08,16.01,399.33,nvt,90
2025-02-27 12:30:22,34.37,26.87,1013.07,15.87,401.1,nvt,90
2025-02-27 12:30:32,34.52,27.02,1013.09,15.75,402.88,nvt,90
2025-02-27 12:30:42,34.64,27.14,1013.09,15.71,401.1,nvt,90
2025-02-27 12:30:52,34.72,27.22,1013.02,15.55,399.33,nvt,90
2025-02-27 12:31:02,34.83,27.33,1013.06,15.43,399.33,nvt,90
2025-02-27 12:31:12,34.87,27.37,1013.04,15.33,401.65,nvt,90
2025-02-27 12:31:22,34.92,27.42,1013.04,15.28,401.1,nvt,90
2025-02-27 12:31:32,34.99,27.49,1013.06,15.2,403.98,nvt,90
2025-02-27 12:31:42,35.07,27.57,1013.02,15.28,411.73,nvt,90
2025-02-27 12:31:52,35.11,27.61,1013.05,15.22,415.17,nvt,90
2025-02-27 12:32:02,35.03,27.53,1013.05,14.93,418.05,nvt,90
2025-02-27 12:32:12,34.92,27.42,1013.05,15.28,428.35,nvt,90
2025-02-27 12:32:22,34.92,27.42,1013.04,15.13,438.76,nvt,90
2025-02-27 12:32:32,34.91,27.41,1013.03,14.96,440.76,nvt,90
2025-02-27 12:32:42,34.99,27.49,1013.02,15.19,332.2,nvt,90
2025-02-27 12:32:52,35.05,27.55,1013.03,15.28,447.07,nvt,90
2025-02-27 12:33:02,35.16,27.66,1013.02,15.24,444.96,0.05,90
2025-02-27 12:33:12,35.24,27.74,1013.05,15.19,438.65,nvt,90
2025-02-27 12:33:22,35.16,27.66,1013.03,15.12,437.09,nvt,90
2025-02-27 12:33:32,35.14,27.64,1013.08,14.99,414.38,nvt,90
2025-02-27 12:33:42,35.17,27.67,1013.06,14.96,436.32,nvt,90
2025-02-27 12:33:52,35.25,27.75,1013.04,14.86,428.79,nvt,90
2025-02-27 12:34:02,35.3,27.8,1013.08,14.91,428.01,nvt,90
2025-02-27 12:34:12,35.31,27.81,1013.05,14.92,424.8,nvt,90
2025-02-27 12:34:22,35.07,27.57,1013.03,15.15,425.69,nvt,90
2025-02-27 12:34:32,35.0,27.5,1013.03,15.18,427.46,nvt,90
2025-02-27 12:34:42,34.79,27.29,1012.99,15.09,425.69,nvt,90
2025-02-27 12:34:52,34.59,27.09,1013.03,15.63,426.57,nvt,90
2025-02-27 12:35:02,34.78,27.28,1013.01,15.51,427.13,nvt,90
2025-02-27 12:35:12,34.85,27.35,1013.04,15.36,425.69,nvt,90
2025-02-27 12:35:22,34.82,27.32,1013.02,15.44,423.02,nvt,90
2025-02-27 12:35:33,34.94,27.44,1013.02,15.35,430.56,nvt,90
2025-02-27 12:35:43,35.05,27.55,1013.03,15.19,428.57,nvt,90
2025-02-27 12:35:53,35.05,27.55,1013.03,15.21,427.13,nvt,90
2025-02-27 12:36:03,34.96,27.46,1013.03,15.28,436.87,nvt,90
2025-02-27 12:36:13,35.05,27.55,1013.04,15.13,452.16,nvt,90
2025-02-27 12:36:23,35.0,27.5,1013.01,15.11,454.71,nvt,90
2025-02-27 12:36:33,35.08,27.58,1013.04,15.18,457.59,nvt,90
2025-02-27 12:36:43,35.02,27.52,1013.04,15.21,451.83,nvt,90
2025-02-27 12:36:53,34.97,27.47,1013.04,15.29,444.96,nvt,90
2025-02-27 12:37:03,34.94,27.44,1013.04,15.22,437.98,nvt,90
2025-02-27 12:37:13,34.83,27.33,1013.02,15.35,437.21,nvt,90
2025-02-27 12:37:23,34.74,27.24,1013.03,15.51,432.0,nvt,90
2025-02-27 12:37:33,34.8,27.3,1013.01,15.44,429.67,nvt,90
2025-02-27 12:37:43,34.75,27.25,1013.0,15.53,430.01,nvt,90
2025-02-27 12:37:53,34.67,27.17,1013.0,15.53,429.67,nvt,90
2025-02-27 12:38:03,34.68,27.18,1013.01,15.53,428.23,nvt,90
2025-02-27 12:38:13,34.75,27.25,1013.0,15.48,430.01,nvt,90
2025-02-27 12:38:23,34.85,27.35,1013.0,15.32,429.12,nvt,90
2025-02-27 12:38:33,34.93,27.43,1013.02,15.54,429.45,nvt,90
2025-02-27 12:38:43,34.94,27.44,1012.98,15.43,423.02,nvt,90
2025-02-27 12:38:53,35.0,27.5,1013.01,15.29,423.91,nvt,90
2025-02-27 12:39:03,35.04,27.54,1013.03,15.49,420.81,nvt,90
2025-02-27 12:39:13,35.08,27.58,1013.04,14.96,425.69,nvt,90
2025-02-27 12:39:23,35.19,27.69,1013.02,15.05,430.34,nvt,90
2025-02-27 12:39:33,35.19,27.69,1013.04,14.96,428.01,nvt,90
2025-02-27 12:39:43,35.25,27.75,1013.06,14.93,430.01,nvt,90
2025-02-27 12:39:53,35.29,27.79,1013.03,14.93,430.01,nvt,90
2025-02-27 12:40:03,35.11,27.61,1012.99,14.55,426.57,nvt,90
2025-02-27 12:40:13,34.92,27.42,1013.03,14.98,428.01,nvt,90
2025-02-27 12:40:23,34.94,27.44,1013.01,14.97,424.58,nvt,90
2025-02-27 12:40:33,34.91,27.41,1012.99,14.94,424.03,nvt,90
2025-02-27 12:40:43,35.0,27.5,1013.02,15.11,420.59,nvt,90
2025-02-27 12:40:53,35.06,27.56,1013.0,15.08,419.71,nvt,90
2025-02-27 12:41:03,35.15,27.65,1013.02,15.07,419.15,nvt,90
2025-02-27 12:41:13,35.17,27.67,1013.0,15.07,419.15,nvt,90
2025-02-27 12:41:23,35.2,27.7,1012.99,15.04,415.39,nvt,90
2025-02-27 12:41:33,35.06,27.56,1012.98,15.09,416.27,nvt,90
2025-02-27 12:41:43,35.06,27.56,1012.98,15.16,381.38,nvt,90
2025-02-27 12:41:53,35.07,27.57,1012.97,15.11,374.18,nvt,90
2025-02-27 12:42:03,35.01,27.51,1012.97,15.09,367.86,nvt,90
2025-02-27 12:42:13,35.13,27.63,1013.04,15.34,339.95,nvt,90
2025-02-27 12:42:23,35.08,27.58,1013.04,15.2,369.86,nvt,90
2025-02-27 12:42:33,35.14,27.64,1013.01,14.82,373.62,nvt,90
2025-02-27 12:42:44,35.26,27.76,1013.0,14.77,367.86,nvt,90
Tijdstip,Apparaat Temperatuur (°C),Temperatuur (°C),Luchtdruk (hPa),Luchtvochtigheid (%),Lichtintensiteit (lux),Windsnelheid (m/s),Windrichting (graden)
2025-02-27 13:38:34,nvt,nvt,nvt,nvt,nvt,nvt,nvt
2025-02-27 13:38:44,23.06,15.56,642.07,64.74,924.35,nvt,90
2025-02-27 13:49:11,21.97,14.47,1013.44,29.15,464.5,nvt,90
2025-02-27 13:49:21,22.23,14.73,1013.4,28.73,414.86,nvt,90
2025-02-27 13:49:31,22.49,14.99,1013.41,28.33,463.06,nvt,90
2025-02-27 13:49:41,22.79,15.29,1013.43,27.88,462.17,nvt,90
2025-02-27 13:49:51,23.04,15.54,1013.51,27.65,457.85,nvt,90
2025-02-27 13:50:01,23.24,15.74,1013.53,27.29,463.06,nvt,90
2025-02-27 13:50:12,23.42,15.92,1013.49,27.08,463.06,nvt,90
2025-02-27 13:50:22,23.62,16.12,1013.45,26.73,465.39,nvt,90
2025-02-27 13:50:32,23.79,16.29,1013.47,26.64,463.61,nvt,90
2025-02-27 13:50:42,23.95,16.45,1013.46,26.4,463.61,nvt,90
2025-02-27 13:50:52,24.21,16.71,1013.45,26.01,464.5,nvt,90
2025-02-27 13:51:02,24.49,16.99,1013.44,25.56,466.5,nvt,90
2025-02-27 13:51:12,24.77,17.27,1013.44,25.2,466.28,nvt,90
2025-02-27 13:51:22,25.01,17.51,1013.43,24.87,461.62,nvt,90
2025-02-27 13:51:32,25.31,17.81,1013.46,24.52,466.83,nvt,90
2025-02-27 13:51:42,25.59,18.09,1013.43,24.2,463.4,nvt,90
2025-02-27 13:51:52,25.83,18.33,1013.41,23.94,461.62,nvt,90
Tijdstip,Apparaat Temperatuur (°C),Temperatuur (°C),Luchtdruk (hPa),Luchtvochtigheid (%),Lichtintensiteit (lux),Windsnelheid (m/s),Windrichting (graden)
2025-02-27 14:54:24,nvt,nvt,nvt,nvt,nvt,nvt,nvt
2025-02-27 14:54:34,23.06,15.56,642.07,64.74,1050.57,nvt,90
2025-02-27 14:54:44,34.41,26.91,1013.23,15.54,542.64,nvt,90
2025-02-27 14:54:55,34.35,26.85,1013.2,15.6,510.49,nvt,90
2025-02-27 14:55:05,34.48,26.98,1013.24,17.48,417.99,nvt,90
2025-02-27 14:55:15,34.75,27.25,1013.24,15.93,485.67,nvt,90
2025-02-27 14:55:25,34.92,27.42,1013.22,15.42,480.41,nvt,90
2025-02-27 14:55:35,35.18,27.68,1013.24,15.1,493.43,nvt,90
Tijdstip,Apparaat Temperatuur (°C),Temperatuur (°C),Luchtdruk (hPa),Luchtvochtigheid (%),Lichtintensiteit (lux),Windsnelheid (m/s),Windrichting (graden)
2025-02-27 14:58:37,nvt,nvt,nvt,nvt,nvt,nvt,nvt
2025-02-27 14:58:48,23.06,15.56,642.07,64.74,473.8,nvt,90
2025-02-27 14:59:16,37.58,30.08,1013.18,13.12,516.95,nvt,90
2025-02-27 14:59:26,37.54,30.04,1013.17,12.93,453.58,nvt,90
2025-02-27 14:59:36,37.51,30.01,1013.24,12.81,424.87,nvt,90
2025-02-27 14:59:46,37.66,30.16,1013.21,12.76,425.83,nvt,90
2025-02-27 14:59:56,37.45,29.95,1013.19,12.88,188.07,nvt,90
2025-02-27 15:00:06,37.56,30.06,1013.13,12.77,188.66,nvt,90
2025-02-27 15:00:17,37.5,30.0,1013.18,12.86,444.75,nvt,90
2025-02-27 15:00:27,37.57,30.07,1013.18,13.27,503.28,nvt,90
2025-02-27 15:00:37,37.75,30.25,1013.17,12.77,514.35,nvt,90
2025-02-27 15:00:47,37.89,30.39,1013.16,12.52,435.73,nvt,90
2025-02-27 15:00:57,37.96,30.46,1013.17,12.39,425.77,nvt,90
2025-02-27 15:01:07,37.71,30.21,1013.17,12.8,408.99,nvt,90
2025-02-27 15:01:17,37.52,30.02,1013.2,15.89,309.15,nvt,90
2025-02-27 15:01:27,37.17,29.67,1013.19,14.7,290.09,nvt,90
2025-02-27 15:01:37,37.18,29.68,1013.18,14.31,147.13,nvt,90
2025-02-27 15:01:47,37.27,29.77,1013.16,13.5,490.87,nvt,90
2025-02-27 15:01:57,37.3,29.8,1013.12,14.62,40.2,nvt,90
Tijdstip,Apparaat Temperatuur (°C),Temperatuur (°C),Luchtdruk (hPa),Luchtvochtigheid (%),Lichtintensiteit (lux),Windsnelheid (m/s),Windrichting (graden)
2025-02-27 15:02:26,nvt,nvt,nvt,nvt,nvt,nvt,nvt
2025-02-27 15:02:36,23.06,15.56,642.07,64.74,390.91,nvt,90
2025-03-10 11:53:01,19.38,11.88,998.99,46.01,401.11,nvt,90
2025-03-10 11:53:11,19.73,12.23,998.96,51.08,218.84,nvt,90
                                                                                                                       Tijdstip,Apparaat Temperatuur (°C),Temperatuur (°C),Luchtdruk (hPa),Luchtvochtigheid (%),Lichtintensiteit (lux),Windsnelheid (m/s),Windrichting (graden)
2025-03-10 11:53:43,nvt,nvt,nvt,nvt,nvt,nvt,nvt
2025-03-10 11:53:53,23.06,15.56,642.07,64.74,1106.86,nvt,270
2025-03-10 12:37:55,23.64,16.14,998.79,28.76,570.71,0.87,270
2025-03-10 12:38:05,23.86,16.36,998.76,28.78,603.06,0.0,270
2025-03-10 12:38:15,24.09,16.59,998.8,28.24,597.52,0.62,270
2025-03-10 12:38:26,24.35,16.85,998.78,27.89,47.4,0.67,270
2025-03-10 12:38:36,24.64,17.14,998.79,33.78,6.73,0.52,270
2025-03-10 12:38:46,24.89,17.39,998.86,30.87,224.58,0.29,225
2025-03-10 12:38:56,25.12,17.62,998.84,33.08,314.22,0.19,270
2025-03-10 12:39:06,25.34,17.84,998.89,30.88,302.98,0.71,135
2025-03-10 12:39:16,25.49,17.99,998.86,35.34,287.7,0.71,270
2025-03-10 12:39:26,25.76,18.26,998.89,30.46,636.85,0.57,270
2025-03-10 12:39:36,25.99,18.49,998.82,27.64,618.68,0.62,270
2025-03-10 12:39:46,26.23,18.73,998.85,27.54,267.15,0.57,270
2025-03-10 12:39:56,26.46,18.96,998.88,26.68,556.08,0.38,270
2025-03-10 12:40:07,26.72,19.22,998.86,25.98,603.83,0.19,270
2025-03-10 12:40:17,26.84,19.34,998.84,24.92,596.63,0.14,270
2025-03-10 12:40:27,27.0,19.5,998.88,24.41,598.19,0.38,270
2025-03-10 12:40:37,27.16,19.66,998.9,24.54,600.84,0.24,270
2025-03-10 12:40:47,27.42,19.92,998.85,24.11,598.84,0.33,270
2025-03-10 12:40:57,27.62,20.12,998.85,23.79,599.73,0.24,270
2025-03-10 12:41:07,27.78,20.28,998.86,23.19,600.28,0.19,270
2025-03-10 12:41:17,27.91,20.41,998.84,22.91,600.28,0.05,270
2025-03-10 12:41:27,28.06,20.56,998.82,22.64,601.17,nvt,270
2025-03-10 12:41:37,28.19,20.69,998.83,22.54,601.17,nvt,270
2025-03-10 12:41:48,28.36,20.86,998.82,22.43,600.28,nvt,270
2025-03-10 12:41:58,28.53,21.03,998.79,22.2,601.17,nvt,225
2025-03-10 12:42:08,28.74,21.24,998.8,22.18,601.17,nvt,225
2025-03-10 12:42:18,28.89,21.39,998.79,21.82,599.73,nvt,225
2025-03-10 12:42:28,29.1,21.6,998.83,21.81,637.52,nvt,225
2025-03-10 12:42:38,29.19,21.69,998.78,21.91,358.6,nvt,225
2025-03-10 12:42:48,29.23,21.73,998.77,21.89,641.07,nvt,225
2025-03-10 12:42:58,29.44,21.94,998.81,21.25,570.04,nvt,225
2025-03-10 12:43:08,29.43,21.93,998.81,21.1,570.26,nvt,225
2025-03-10 12:43:19,29.55,22.05,998.76,20.96,598.41,nvt,225
2025-03-10 12:43:29,29.83,22.33,998.79,20.93,280.85,nvt,225
2025-03-10 12:43:39,30.04,22.54,998.77,23.11,478.84,nvt,225
2025-03-10 12:43:49,30.14,22.64,998.77,21.01,511.78,nvt,225
2025-03-10 12:43:59,30.25,22.75,998.74,20.41,590.77,nvt,225
2025-03-10 12:44:09,30.3,22.8,998.75,20.22,599.96,0.76,225
2025-03-10 12:44:19,30.36,22.86,998.78,19.86,604.06,1.43,180
2025-03-10 12:44:29,30.49,22.99,998.74,20.16,338.01,1.61,180
2025-03-10 12:44:39,30.68,23.18,998.78,19.54,581.24,1.05,180
2025-03-10 12:44:49,30.58,23.08,998.8,19.33,347.11,0.1,180
2025-03-10 12:44:59,30.7,23.2,998.79,19.63,609.61,nvt,180
2025-03-10 12:45:09,30.85,23.35,998.76,19.39,601.4,nvt,180
2025-03-10 12:45:20,31.04,23.54,998.76,19.27,582.45,nvt,180
2025-03-10 12:45:30,31.22,23.72,998.75,19.04,574.92,nvt,180
2025-03-10 12:45:40,31.34,23.84,998.78,18.74,257.14,nvt,180
2025-03-10 12:45:50,31.53,24.03,998.77,18.69,257.14,nvt,180
2025-03-10 12:46:00,31.66,24.16,998.82,18.5,257.14,nvt,180
2025-03-10 12:46:10,31.8,24.3,998.78,18.02,263.56,0.05,180
2025-03-10 12:46:20,31.99,24.49,998.78,17.85,260.44,nvt,180
2025-03-10 12:46:30,32.16,24.66,998.77,17.57,260.44,nvt,180
2025-03-10 12:46:40,32.33,24.83,998.79,17.44,259.46,nvt,180
2025-03-10 12:46:50,32.55,25.05,998.74,17.37,259.46,0.09,180
2025-03-10 12:47:00,32.68,25.18,998.7,17.13,261.6,0.05,225
2025-03-10 12:47:10,32.77,25.27,998.75,17.02,261.6,0.43,225
2025-03-10 12:47:21,32.97,25.47,998.72,16.9,262.76,0.66,225
2025-03-10 12:47:31,33.13,25.63,998.72,16.78,261.79,0.57,225
2025-03-10 12:47:41,33.34,25.84,998.72,16.69,259.83,0.85,225
2025-03-10 12:47:51,33.51,26.01,998.72,16.51,259.83,1.19,225
2025-03-10 12:48:01,33.69,26.19,998.73,16.4,261.97,0.85,225
2025-03-10 12:48:11,33.8,26.3,998.75,16.27,268.39,0.76,225
2025-03-10 12:48:21,33.88,26.38,998.69,16.08,268.39,0.66,225
2025-03-10 12:48:31,33.89,26.39,998.73,15.95,267.41,0.57,225
2025-03-10 12:48:41,33.97,26.47,998.71,15.9,269.55,0.62,225
2025-03-10 12:48:51,34.09,26.59,998.69,15.85,266.43,0.81,225
2025-03-10 12:49:02,34.2,26.7,998.69,15.8,268.57,0.71,225
2025-03-10 12:49:12,34.24,26.74,998.67,15.72,267.59,0.43,225
2025-03-10 12:49:22,34.32,26.82,998.68,15.63,269.73,0.62,225
2025-03-10 12:49:32,34.29,26.79,998.7,15.5,270.9,0.81,225
2025-03-10 12:49:42,34.36,26.86,998.72,15.58,270.9,0.76,225
2025-03-10 12:49:52,34.36,26.86,998.71,15.48,273.03,1.09,225
2025-03-10 12:50:02,34.28,26.78,998.67,15.54,272.06,1.1,225
2025-03-10 12:50:12,34.37,26.87,998.67,15.55,276.34,1.09,225
2025-03-10 12:50:22,34.29,26.79,998.68,15.44,273.22,1.0,225
2025-03-10 12:50:32,34.41,26.91,998.67,15.55,273.22,1.14,225
2025-03-10 12:50:43,34.52,27.02,998.7,15.35,272.24,1.04,225
2025-03-10 12:50:53,34.59,27.09,998.68,15.28,274.38,1.04,225
2025-03-10 12:51:03,34.6,27.1,998.69,15.25,273.4,1.24,225
2025-03-10 12:51:13,34.52,27.02,998.7,15.15,275.54,1.0,225
2025-03-10 12:51:23,34.65,27.15,998.7,15.32,274.57,1.0,225
2025-03-10 12:51:33,34.59,27.09,998.67,15.24,270.47,0.9,225
2025-03-10 12:51:43,34.66,27.16,998.65,15.22,272.61,0.86,225
2025-03-10 12:51:53,34.65,27.15,998.68,15.06,272.61,0.81,225
2025-03-10 12:52:03,34.7,27.2,998.66,15.01,278.05,0.85,225
2025-03-10 12:52:13,34.69,27.19,998.68,15.02,278.05,0.76,225
2025-03-10 12:52:24,34.76,27.26,998.68,14.89,278.05,0.86,225
2025-03-10 12:52:34,34.78,27.28,998.7,14.87,277.07,1.0,225
2025-03-10 12:52:44,34.81,27.31,998.67,14.87,276.1,0.95,225
2025-03-10 12:52:54,34.83,27.33,998.72,14.8,277.26,0.76,225
2025-03-10 12:53:04,34.84,27.34,998.7,14.89,279.4,0.28,225
2025-03-10 12:53:14,34.88,27.38,998.7,14.8,278.42,0.19,225
2025-03-10 12:53:24,34.9,27.4,998.71,14.67,278.42,0.29,225
2025-03-10 12:53:34,34.93,27.43,998.7,14.66,279.58,0.24,225
2025-03-10 12:53:44,34.97,27.47,998.69,14.65,282.88,0.05,225
2025-03-10 12:53:54,35.06,27.56,998.7,14.63,282.88,nvt,225
2025-03-10 12:54:05,35.02,27.52,998.72,14.62,279.77,nvt,225
2025-03-10 12:54:15,34.95,27.45,998.71,14.72,281.91,0.05,225
2025-03-10 12:54:25,34.84,27.34,998.71,14.8,276.83,nvt,225
2025-03-10 12:54:35,34.79,27.29,998.68,14.72,278.97,0.05,225
2025-03-10 12:54:45,34.93,27.43,998.68,14.68,278.97,nvt,225
2025-03-10 12:54:55,34.89,27.39,998.71,14.64,283.25,nvt,225
2025-03-10 12:55:05,34.76,27.26,998.68,14.77,282.27,nvt,225
2025-03-10 12:55:15,34.71,27.21,998.67,14.72,284.41,nvt,225
2025-03-10 12:55:25,34.7,27.2,998.68,14.85,283.44,nvt,225
2025-03-10 12:55:36,34.66,27.16,998.66,14.97,284.6,0.14,225
2025-03-10 12:55:46,34.81,27.31,998.7,14.83,284.6,0.09,225
2025-03-10 12:55:56,34.73,27.23,998.67,14.7,285.76,0.09,225
2025-03-10 12:56:06,34.81,27.31,998.7,14.7,285.76,0.05,225
2025-03-10 12:56:16,34.84,27.34,998.67,14.56,286.92,0.14,225
2025-03-10 12:56:26,34.94,27.44,998.69,14.71,286.92,0.09,225
2025-03-10 12:56:36,35.04,27.54,998.7,14.43,285.94,0.05,225
2025-03-10 12:56:46,35.18,27.68,998.7,14.48,287.11,nvt,225
2025-03-10 12:56:56,35.28,27.78,998.68,14.38,286.13,0.24,225
2025-03-10 12:57:06,35.21,27.71,998.69,14.46,288.27,0.57,225
2025-03-10 12:57:17,35.05,27.55,998.67,14.31,289.43,0.52,225
2025-03-10 12:57:27,35.07,27.57,998.69,14.38,285.34,0.67,225
2025-03-10 12:57:37,35.02,27.52,998.69,14.51,287.48,0.62,225
2025-03-10 12:57:47,35.06,27.56,998.71,14.64,289.61,0.67,225
2025-03-10 12:57:57,35.04,27.54,998.7,14.53,289.8,0.66,225
2025-03-10 12:58:07,34.78,27.28,998.67,14.42,294.08,0.57,225
2025-03-10 12:58:17,34.76,27.26,998.65,14.37,294.26,0.52,225
2025-03-10 12:58:27,34.86,27.36,998.68,14.35,293.28,0.47,225
2025-03-10 12:58:37,34.88,27.38,998.68,14.4,292.31,0.24,225
2025-03-10 12:58:47,35.02,27.52,998.65,14.37,295.61,0.19,225
2025-03-10 12:58:58,35.15,27.65,998.68,14.34,295.61,0.05,225
2025-03-10 12:59:08,35.31,27.81,998.7,14.25,295.79,0.05,225
2025-03-10 12:59:18,35.23,27.73,998.66,14.18,299.09,0.09,225
2025-03-10 12:59:28,35.33,27.83,998.7,14.1,301.23,nvt,225
2025-03-10 12:59:38,35.51,28.01,998.68,14.01,300.26,nvt,225
2025-03-10 12:59:48,35.54,28.04,998.69,13.96,301.42,nvt,225
2025-03-10 12:59:58,35.46,27.96,998.69,14.03,299.46,nvt,225
2025-03-10 13:00:08,35.43,27.93,998.69,14.05,300.62,nvt,225
2025-03-10 13:00:18,35.39,27.89,998.72,14.07,303.93,0.05,225
2025-03-10 13:00:29,35.53,28.03,998.68,14.03,301.97,nvt,225
2025-03-10 13:00:39,35.43,27.93,998.65,14.12,303.13,nvt,225
2025-03-10 13:00:49,35.39,27.89,998.68,14.01,301.18,nvt,225
2025-03-10 13:00:59,35.32,27.82,998.67,14.15,305.46,nvt,225
2025-03-10 13:01:09,35.3,27.8,998.67,14.24,308.76,nvt,225
2025-03-10 13:01:19,35.36,27.86,998.68,14.27,305.64,0.05,180
2025-03-10 13:01:29,35.51,28.01,998.66,14.17,308.94,nvt,180
2025-03-10 13:01:39,35.65,28.15,998.69,14.06,304.85,0.05,180
2025-03-10 13:01:49,35.65,28.15,998.67,13.98,309.13,0.05,180
2025-03-10 13:02:00,35.73,28.23,998.72,13.91,307.17,0.05,180
2025-03-10 13:02:10,35.86,28.36,998.72,13.82,310.47,nvt,180
2025-03-10 13:02:20,35.7,28.2,998.7,13.79,309.5,0.05,180
2025-03-10 13:02:30,35.49,27.99,998.68,13.79,309.68,nvt,180
2025-03-10 13:02:40,35.3,27.8,998.67,13.89,311.82,nvt,135
2025-03-10 13:02:50,35.33,27.83,998.69,13.73,310.84,nvt,135
2025-03-10 13:03:00,35.34,27.84,998.67,13.77,312.0,0.14,135
2025-03-10 13:03:10,35.46,27.96,998.64,13.74,315.3,0.19,135
2025-03-10 13:03:20,35.59,28.09,998.66,13.65,310.05,0.09,135
2025-03-10 13:03:31,35.7,28.2,998.67,13.52,309.07,0.09,135
2025-03-10 13:03:41,35.85,28.35,998.69,13.42,312.37,nvt,135
2025-03-10 13:03:51,35.87,28.37,998.71,13.49,309.26,0.05,135
2025-03-10 13:04:01,35.86,28.36,998.67,13.38,311.39,0.14,135
2025-03-10 13:04:11,35.9,28.4,998.7,13.35,312.56,0.19,135
2025-03-10 13:04:21,35.91,28.41,998.71,13.25,307.49,0.14,135
2025-03-10 13:04:31,35.83,28.33,998.68,13.22,311.76,0.05,135
2025-03-10 13:04:41,35.7,28.2,998.64,13.48,312.93,0.05,135
2025-03-10 13:04:51,35.59,28.09,998.65,13.44,313.11,0.24,135
2025-03-10 13:05:02,35.59,28.09,998.65,13.47,316.41,0.14,135
2025-03-10 13:05:12,35.6,28.1,998.61,13.48,313.29,0.1,135
2025-03-10 13:05:22,35.6,28.1,998.64,13.63,316.6,nvt,135
2025-03-10 13:05:32,35.67,28.17,998.64,13.57,316.6,nvt,135
2025-03-10 13:05:42,35.72,28.22,998.65,13.52,316.78,nvt,135
2025-03-10 13:05:52,35.72,28.22,998.66,13.52,316.78,nvt,135
2025-03-10 13:06:02,35.81,28.31,998.66,13.41,315.8,nvt,135
2025-03-10 13:06:12,35.94,28.44,998.7,13.38,313.85,nvt,135
2025-03-10 13:06:22,35.97,28.47,998.66,13.39,320.27,nvt,135
2025-03-10 13:06:33,36.09,28.59,998.64,13.36,318.13,nvt,135
2025-03-10 13:06:43,36.16,28.66,998.62,13.3,317.33,nvt,135
2025-03-10 13:06:53,35.99,28.49,998.62,13.37,321.61,nvt,135
2025-03-10 13:07:03,35.86,28.36,998.65,13.46,317.52,nvt,135
2025-03-10 13:07:13,35.85,28.35,998.65,13.45,319.66,nvt,135
2025-03-10 13:07:23,35.65,28.15,998.62,13.55,320.82,nvt,135
2025-03-10 13:07:33,35.6,28.1,998.59,13.64,321.98,nvt,135
2025-03-10 13:07:43,35.66,28.16,998.61,13.62,320.03,0.14,135
2025-03-10 13:07:53,35.61,28.11,998.6,13.63,320.21,nvt,135
2025-03-10 13:08:04,35.62,28.12,998.61,13.66,321.37,0.05,135
2025-03-10 13:08:14,35.64,28.14,998.6,13.68,323.51,nvt,135
2025-03-10 13:08:24,35.69,28.19,998.6,13.66,321.56,nvt,135
2025-03-10 13:08:34,35.68,28.18,998.61,13.62,327.0,nvt,135
2025-03-10 13:08:44,35.75,28.25,998.6,13.6,321.74,nvt,135
2025-03-10 13:08:54,35.7,28.2,998.59,13.59,326.02,nvt,135
2025-03-10 13:09:04,35.96,28.46,998.61,13.51,326.2,nvt,135
2025-03-10 13:09:14,35.95,28.45,998.63,13.45,325.23,nvt,135
2025-03-10 13:09:24,35.88,28.38,998.62,13.46,322.29,nvt,135
2025-03-10 13:09:34,35.87,28.37,998.6,13.44,326.57,0.1,135
2025-03-10 13:09:45,35.81,28.31,998.6,13.47,329.87,0.14,135
2025-03-10 13:09:55,35.88,28.38,998.63,13.46,327.92,0.05,225
2025-03-10 13:10:05,35.82,28.32,998.63,13.47,329.08,nvt,225
2025-03-10 13:10:15,35.84,28.34,998.59,13.49,328.1,0.09,225
2025-03-10 13:10:25,35.95,28.45,998.6,13.45,331.4,nvt,225
2025-03-10 13:10:35,35.98,28.48,998.6,13.43,329.45,0.1,225
2025-03-10 13:10:45,36.03,28.53,998.63,13.38,326.52,0.1,225
2025-03-10 13:10:55,36.19,28.69,998.6,13.32,332.94,0.05,225
2025-03-10 13:11:05,36.34,28.84,998.58,13.21,329.82,nvt,225
2025-03-10 13:11:15,36.36,28.86,998.61,13.12,333.12,nvt,225
2025-03-10 13:11:25,36.36,28.86,998.61,13.02,334.28,nvt,225
2025-03-10 13:11:36,36.33,28.83,998.55,13.03,332.33,nvt,225
2025-03-10 13:11:46,36.39,28.89,998.57,12.99,335.63,nvt,225
2025-03-10 13:11:56,36.48,28.98,998.6,12.89,337.95,nvt,225
2025-03-10 13:12:06,36.48,28.98,998.59,12.87,330.74,nvt,225
2025-03-10 13:12:16,36.43,28.93,998.59,12.84,335.02,0.05,225
2025-03-10 13:12:26,36.49,28.99,998.56,12.87,338.32,nvt,225
2025-03-10 13:12:36,36.53,29.03,998.58,12.86,337.34,nvt,225
2025-03-10 13:12:46,36.52,29.02,998.58,12.95,339.67,nvt,225
2025-03-10 13:12:56,36.33,28.83,998.56,13.02,335.57,nvt,225
2025-03-10 13:13:06,36.25,28.75,998.59,13.03,338.87,nvt,225
2025-03-10 13:13:17,36.17,28.67,998.57,13.12,336.92,nvt,225
2025-03-10 13:13:27,36.05,28.55,998.56,13.19,341.38,nvt,225
2025-03-10 13:13:37,35.92,28.42,998.57,13.28,341.57,nvt,225
2025-03-10 13:13:47,35.85,28.35,998.57,13.41,343.89,nvt,225
2025-03-10 13:13:57,35.88,28.38,998.58,13.44,342.91,nvt,225
2025-03-10 13:14:07,35.94,28.44,998.56,13.45,339.8,0.05,225
2025-03-10 13:14:17,36.01,28.51,998.57,13.4,343.28,0.1,225
2025-03-10 13:14:27,36.06,28.56,998.54,13.34,344.44,nvt,225
2025-03-10 13:14:37,36.17,28.67,998.53,13.32,346.77,nvt,225
2025-03-10 13:14:47,36.31,28.81,998.55,13.26,344.81,nvt,225
2025-03-10 13:14:58,36.34,28.84,998.56,13.03,347.14,nvt,225
2025-03-10 13:15:08,36.43,28.93,998.53,12.97,350.44,0.05,225
2025-03-10 13:15:18,36.5,29.0,998.55,12.9,346.34,0.05,225
2025-03-10 13:15:28,36.52,29.02,998.54,12.93,347.69,nvt,225
2025-03-10 13:15:38,36.35,28.85,998.53,13.01,351.97,0.05,225
2025-03-10 13:15:48,36.23,28.73,998.52,13.01,351.18,0.57,225
2025-03-10 13:15:58,36.14,28.64,998.54,13.06,353.31,0.47,225
2025-03-10 13:16:08,36.03,28.53,998.56,13.15,354.66,0.38,225
2025-03-10 13:16:18,36.02,28.52,998.55,13.11,352.71,0.33,225
2025-03-10 13:16:28,35.81,28.31,998.56,13.25,349.77,0.33,225
2025-03-10 13:16:39,35.76,28.26,998.54,13.37,355.21,0.05,225
2025-03-10 13:16:49,35.69,28.19,998.54,13.37,358.52,0.05,225
2025-03-10 13:16:59,35.72,28.22,998.52,13.43,355.58,nvt,225
2025-03-10 13:17:09,35.85,28.35,998.55,13.35,358.88,nvt,225
2025-03-10 13:17:19,36.05,28.55,998.51,13.17,357.91,0.05,225
2025-03-10 13:17:29,36.25,28.75,998.52,13.01,360.23,nvt,225
2025-03-10 13:17:39,36.18,28.68,998.48,13.06,360.41,nvt,225
2025-03-10 13:17:49,36.08,28.58,998.5,13.08,361.76,nvt,225
2025-03-10 13:17:59,35.99,28.49,998.49,13.19,360.78,0.09,225
2025-03-10 13:18:10,35.99,28.49,998.53,13.27,364.27,0.28,225
2025-03-10 13:18:20,35.96,28.46,998.54,13.28,364.45,0.05,225
2025-03-10 13:18:30,35.92,28.42,998.53,13.25,367.75,nvt,225
2025-03-10 13:18:40,36.13,28.63,998.52,13.17,369.1,0.1,225
2025-03-10 13:18:50,36.17,28.67,998.5,13.1,370.26,0.14,225
2025-03-10 13:19:00,36.33,28.83,998.49,12.99,373.56,0.19,225
2025-03-10 13:19:10,36.38,28.88,998.49,12.93,369.47,0.19,225
2025-03-10 13:19:20,36.43,28.93,998.47,12.85,371.79,0.14,225
2025-03-10 13:19:30,36.42,28.92,998.5,12.91,373.93,0.05,225
2025-03-10 13:19:40,36.61,29.11,998.49,12.83,377.23,0.33,225
2025-03-10 13:19:51,36.65,29.15,998.5,12.77,372.16,0.24,225
2025-03-10 13:20:01,36.74,29.24,998.44,12.76,374.3,0.09,225
2025-03-10 13:20:11,36.77,29.27,998.47,12.68,377.6,0.28,225
2025-03-10 13:20:21,36.75,29.25,998.47,12.69,377.79,0.33,225
2025-03-10 13:20:31,36.59,29.09,998.51,12.77,374.67,0.38,225
2025-03-10 13:20:41,36.46,28.96,998.48,12.86,377.79,nvt,225
2025-03-10 13:20:51,36.34,28.84,998.51,12.89,384.39,nvt,225
2025-03-10 13:21:01,36.32,28.82,998.49,12.97,383.41,0.1,225
2025-03-10 13:21:11,36.25,28.75,998.47,13.0,382.43,0.24,225
2025-03-10 13:21:22,36.08,28.58,998.49,13.08,383.6,0.14,225
2025-03-10 13:21:32,36.08,28.58,998.45,13.08,383.78,0.33,225
2025-03-10 13:21:42,36.06,28.56,998.47,13.14,385.92,0.57,225
2025-03-10 13:21:52,36.02,28.52,998.44,13.17,384.94,0.86,225
2025-03-10 13:22:02,36.1,28.6,998.48,13.14,380.85,0.81,225
2025-03-10 13:22:12,36.24,28.74,998.46,13.07,386.29,1.09,225
2025-03-10 13:22:22,36.33,28.83,998.51,13.0,385.31,1.04,225
2025-03-10 13:22:32,36.27,28.77,998.45,13.03,388.43,1.04,225
2025-03-10 13:22:42,36.2,28.7,998.47,13.07,393.87,0.91,225
2025-03-10 13:22:52,36.3,28.8,998.47,13.0,389.77,0.81,225
2025-03-10 13:23:02,36.47,28.97,998.47,12.88,388.8,0.76,225
2025-03-10 13:23:13,36.42,28.92,998.47,12.86,396.38,0.71,225
2025-03-10 13:23:23,36.3,28.8,998.46,12.94,391.12,0.71,225
2025-03-10 13:23:33,36.26,28.76,998.46,12.95,392.28,0.62,225
2025-03-10 13:23:43,36.28,28.78,998.44,12.96,390.14,1.05,225
2025-03-10 13:23:53,36.23,28.73,998.46,13.0,390.14,1.05,225
2025-03-10 13:24:03,36.28,28.78,998.46,12.99,393.26,1.33,225
2025-03-10 13:24:13,36.33,28.83,998.47,12.95,393.26,1.23,225
2025-03-10 13:24:23,36.4,28.9,998.46,12.85,393.26,1.09,225
2025-03-10 13:24:33,36.42,28.92,998.49,12.83,391.12,0.95,225
2025-03-10 13:24:44,36.56,29.06,998.55,12.74,393.26,1.0,225
2025-03-10 13:24:54,36.66,29.16,998.57,12.66,398.7,0.81,225
2025-03-10 13:25:04,36.71,29.21,998.6,12.61,392.28,0.95,225
2025-03-10 13:25:14,36.79,29.29,998.7,12.55,394.42,1.05,225
2025-03-10 13:25:24,37.06,29.56,998.72,12.41,398.09,0.91,225
2025-03-10 13:25:34,37.21,29.71,998.77,12.21,466.42,1.04,225
2025-03-10 13:25:44,37.32,29.82,998.8,12.18,606.01,0.76,225
2025-03-10 13:25:54,37.62,30.12,998.83,11.91,743.75,0.95,225
2025-03-10 13:26:04,38.01,30.51,998.84,11.71,920.15,1.19,225
2025-03-10 13:26:14,38.23,30.73,998.88,11.51,1146.29,1.28,225
2025-03-10 13:26:25,38.3,30.8,998.9,11.47,1397.99,1.14,225
2025-03-10 13:26:35,38.33,30.83,998.88,11.39,1630.68,1.04,225
2025-03-10 13:26:45,38.56,31.06,998.86,11.32,1873.4,0.95,225
2025-03-10 13:26:55,38.43,30.93,998.92,11.39,2091.59,1.0,225
2025-03-10 13:27:05,38.64,31.14,998.82,11.31,2274.37,0.81,225
2025-03-10 13:27:15,39.01,31.51,998.83,11.04,2403.08,0.62,225
2025-03-10 13:27:25,39.29,31.79,998.81,10.79,2422.48,0.47,225
2025-03-10 13:27:35,39.29,31.79,998.77,10.75,2389.41,0.28,225
2025-03-10 13:27:45,39.27,31.77,998.76,10.77,2347.4,0.1,225
2025-03-10 13:27:56,39.32,31.82,998.77,10.78,2263.67,0.05,225
2025-03-10 13:28:06,39.37,31.87,998.74,10.76,2225.52,nvt,225
2025-03-10 13:28:16,39.66,32.16,998.78,10.6,2241.67,nvt,225
2025-03-10 13:28:26,40.02,32.52,998.78,10.39,2226.09,nvt,225
2025-03-10 13:28:36,40.32,32.82,998.8,10.22,2220.59,nvt,225
2025-03-10 13:28:46,40.29,32.79,998.83,10.19,2226.0,nvt,225
2025-03-10 13:28:56,40.39,32.89,998.81,10.14,2216.46,nvt,225
2025-03-10 13:29:06,40.28,32.78,998.78,10.09,2181.79,nvt,225
2025-03-10 13:29:16,40.49,32.99,998.8,10.07,2180.87,nvt,225
2025-03-10 13:29:26,40.58,33.08,998.83,9.99,2189.26,nvt,225
2025-03-10 13:29:36,40.41,32.91,998.83,10.08,2199.98,nvt,225
2025-03-10 13:29:47,40.5,33.0,998.81,10.01,2157.1,nvt,225
2025-03-10 13:29:57,40.41,32.91,998.79,10.07,2145.98,nvt,225
2025-03-10 13:30:07,40.62,33.12,998.77,10.03,2074.9,nvt,225
2025-03-10 13:30:17,40.87,33.37,998.71,9.89,1990.18,0.05,225
2025-03-10 13:30:27,41.2,33.7,998.72,9.76,1907.61,0.05,225
2025-03-10 13:30:37,41.07,33.57,998.73,9.74,1801.37,nvt,225
2025-03-10 13:30:47,40.97,33.47,998.67,9.78,1705.63,nvt,225
2025-03-10 13:30:57,40.91,33.41,998.64,9.83,1623.73,nvt,225
2025-03-10 13:31:07,40.83,33.33,998.66,9.89,1517.54,nvt,225
2025-03-10 13:31:18,40.98,33.48,998.61,9.84,1441.01,nvt,225
2025-03-10 13:31:28,41.1,33.6,998.6,9.74,1349.9,nvt,225
2025-03-10 13:31:38,41.04,33.54,998.59,9.69,1255.57,nvt,225
2025-03-10 13:31:48,40.99,33.49,998.55,9.63,1214.28,nvt,225
2025-03-10 13:31:58,40.9,33.4,998.56,9.61,1167.78,nvt,225
2025-03-10 13:32:08,40.77,33.27,998.53,9.72,1152.31,nvt,225
2025-03-10 13:32:18,40.8,33.3,998.58,9.67,1139.84,nvt,225
2025-03-10 13:32:28,40.82,33.32,998.56,9.66,1128.96,nvt,225
2025-03-10 13:32:38,40.95,33.45,998.55,9.65,1114.47,nvt,225
2025-03-10 13:32:48,40.69,33.19,998.53,9.79,1110.26,nvt,225
2025-03-10 13:32:59,40.85,33.35,998.52,9.75,1110.76,nvt,225
2025-03-10 13:33:09,41.02,33.52,998.58,9.68,1122.58,0.05,225
2025-03-10 13:33:19,41.15,33.65,998.57,9.61,1129.39,0.24,225
2025-03-10 13:33:29,41.16,33.66,998.63,9.58,1150.08,0.38,225
2025-03-10 13:33:39,41.09,33.59,998.64,9.61,1138.3,0.43,225
2025-03-10 13:33:49,41.19,33.69,998.6,9.61,1135.73,0.19,225
2025-03-10 13:33:59,40.86,33.36,998.6,9.76,1123.69,nvt,225
2025-03-10 13:34:09,40.59,33.09,998.56,9.87,1111.33,0.05,225
2025-03-10 13:34:19,40.5,33.0,998.56,9.93,1085.04,nvt,225
2025-03-10 13:34:29,40.53,33.03,998.58,9.94,1071.41,nvt,225
2025-03-10 13:34:39,40.64,33.14,998.6,9.91,1056.67,nvt,225
2025-03-10 13:34:50,40.82,33.32,998.57,9.82,1034.17,nvt,225
2025-03-10 13:35:00,40.84,33.34,998.56,9.78,996.81,0.05,225
2025-03-10 13:35:10,40.9,33.4,998.54,9.73,975.66,0.19,225
2025-03-10 13:35:20,40.94,33.44,998.53,9.69,947.03,0.38,225
2025-03-10 13:35:30,40.91,33.41,998.54,9.71,926.84,0.28,225
2025-03-10 13:35:40,40.53,33.03,998.54,9.85,915.76,0.43,225
2025-03-10 13:35:50,40.35,32.85,998.52,10.06,886.4,0.47,225
2025-03-10 13:36:00,40.18,32.68,998.52,16.58,904.84,0.24,225
Tijdstip,Apparaat Temperatuur (°C),Temperatuur (°C),Luchtdruk (hPa),Luchtvochtigheid (%),Lichtintensiteit (lux),Windsnelheid (m/s),Windrichting (graden)
2025-03-10 13:36:21,nvt,nvt,nvt,nvt,nvt,nvt,nvt
2025-03-10 13:36:31,23.06,15.56,642.07,64.74,1559.14,nvt,225
2025-03-10 13:36:59,40.23,32.73,998.49,9.95,808.68,0.32,225
2025-03-10 13:37:10,40.21,32.71,998.48,10.03,851.06,0.15,225
2025-03-10 13:37:20,40.21,32.71,998.51,10.08,878.61,0.52,225
2025-03-10 13:37:30,40.28,32.78,998.52,10.07,928.19,0.95,225
2025-03-10 13:37:40,40.34,32.84,998.54,10.03,971.77,1.23,225
2025-03-10 13:37:50,40.43,32.93,998.55,10.05,1013.82,1.0,225
2025-03-10 13:38:00,40.59,33.09,998.54,10.0,1063.33,1.0,225
2025-03-10 13:38:10,40.69,33.19,998.54,9.92,1089.3,1.57,225
2025-03-10 13:38:20,40.73,33.23,998.57,9.93,1107.62,1.1,225
2025-03-10 13:38:30,40.85,33.35,998.58,9.93,1138.05,1.19,225
2025-03-10 13:38:40,40.98,33.48,998.59,9.89,1146.57,1.0,225
2025-03-10 13:38:50,41.08,33.58,998.59,9.74,1125.12,1.14,225
2025-03-10 13:39:01,41.09,33.59,998.51,9.77,812.42,0.85,225
2025-03-10 13:39:11,40.96,33.46,998.39,13.91,81.18,0.95,225
2025-03-10 13:39:21,39.73,32.23,998.34,14.27,162.42,1.0,225
2025-03-10 13:39:31,40.12,32.62,998.56,11.21,338.74,0.71,225
2025-03-10 13:39:41,40.31,32.81,998.61,10.54,337.58,0.62,225
2025-03-10 13:39:51,40.32,32.82,998.58,10.31,343.21,0.57,225
2025-03-10 13:40:01,40.36,32.86,998.58,10.13,341.44,0.43,225
2025-03-10 13:40:11,40.39,32.89,998.58,10.04,345.9,0.24,225
2025-03-10 13:40:21,40.33,32.83,998.56,10.01,345.11,nvt,225
2025-03-10 13:40:31,40.43,32.93,998.55,9.99,345.29,nvt,225
2025-03-10 13:40:41,40.3,32.8,998.53,10.03,345.66,0.05,225
2025-03-10 13:40:52,40.32,32.82,998.54,10.03,351.1,nvt,225
2025-03-10 13:41:02,40.33,32.83,998.54,10.0,349.15,nvt,225
2025-03-10 13:41:12,40.2,32.7,998.52,10.08,352.45,nvt,225
2025-03-10 13:41:22,40.25,32.75,998.54,10.09,351.47,nvt,225
2025-03-10 13:41:32,40.07,32.57,998.51,10.23,350.49,nvt,225
2025-03-10 13:41:42,39.76,32.26,998.52,10.4,351.65,nvt,225
2025-03-10 13:41:52,39.52,32.02,998.52,10.65,353.79,nvt,225
2025-03-10 13:42:02,39.42,31.92,998.49,10.69,353.79,nvt,225
2025-03-10 13:42:12,39.21,31.71,998.5,10.81,355.93,nvt,225
2025-03-10 13:42:22,39.22,31.72,998.5,10.9,354.77,nvt,225
2025-03-10 13:42:33,39.42,31.92,998.51,10.82,352.45,nvt,225
2025-03-10 13:42:43,39.55,32.05,998.49,10.72,352.26,nvt,225
2025-03-10 13:42:53,39.35,31.85,998.47,10.76,351.1,0.14,225
2025-03-10 13:43:03,39.35,31.85,998.44,10.77,347.8,nvt,225
2025-03-10 13:43:13,39.16,31.66,998.43,10.84,349.75,nvt,225
2025-03-10 13:43:23,39.18,31.68,998.42,10.85,344.5,nvt,225
2025-03-10 13:43:33,39.38,31.88,998.43,10.75,351.89,nvt,225
2025-03-10 13:43:43,39.54,32.04,998.43,10.66,353.06,0.05,225
2025-03-10 13:43:53,39.29,31.79,998.41,10.79,357.89,nvt,225
2025-03-10 13:44:03,39.19,31.69,998.41,10.84,380.89,0.05,225
2025-03-10 13:44:13,39.06,31.56,998.39,10.91,412.94,nvt,225
2025-03-10 13:44:23,39.02,31.52,998.39,10.92,460.46,nvt,225
2025-03-10 13:44:34,39.0,31.5,998.39,10.92,520.35,nvt,225
2025-03-10 13:44:44,39.07,31.57,998.38,10.89,593.98,nvt,225
2025-03-10 13:44:54,39.02,31.52,998.37,10.83,643.65,nvt,225
2025-03-10 13:45:04,39.23,31.73,998.41,10.69,735.4,nvt,225
2025-03-10 13:45:14,39.34,31.84,998.4,10.49,801.64,nvt,225
2025-03-10 13:45:24,39.37,31.87,998.39,10.51,876.63,nvt,225
2025-03-10 13:45:34,39.44,31.94,998.4,10.4,923.18,nvt,225
2025-03-10 13:45:44,39.52,32.02,998.39,10.4,891.68,0.43,225
2025-03-10 13:45:54,39.59,32.09,998.38,10.38,883.12,0.67,225
2025-03-10 13:46:04,39.6,32.1,998.36,10.4,849.61,1.09,225
2025-03-10 13:46:14,39.66,32.16,998.36,10.46,800.32,1.0,225
2025-03-10 13:46:25,39.72,32.22,998.35,10.44,762.64,0.9,225
2025-03-10 13:46:35,39.47,31.97,998.33,10.59,750.41,0.95,225
2025-03-10 13:46:45,39.16,31.66,998.33,10.77,727.36,0.71,225
2025-03-10 13:46:55,39.17,31.67,998.34,10.8,718.07,0.52,225
2025-03-10 13:47:05,38.91,31.41,998.3,10.82,706.69,0.38,225
2025-03-10 13:47:15,38.72,31.22,998.34,10.96,687.97,0.38,225
2025-03-10 13:47:25,38.67,31.17,998.33,11.0,674.02,0.38,225
2025-03-10 13:47:35,38.51,31.01,998.31,11.13,662.46,0.57,225
2025-03-10 13:47:45,38.51,31.01,998.32,11.17,659.4,0.81,225
2025-03-10 13:47:55,38.67,31.17,998.32,11.06,620.32,0.95,225
2025-03-10 13:48:05,38.77,31.27,998.32,11.05,598.91,1.04,225
2025-03-10 13:48:16,38.86,31.36,998.3,11.09,584.97,0.81,225
2025-03-10 13:48:26,38.78,31.28,998.3,11.18,565.7,0.81,225
2025-03-10 13:48:36,38.59,31.09,998.3,11.21,523.74,0.66,225
2025-03-10 13:48:46,38.63,31.13,998.31,11.11,504.71,0.57,225
2025-03-10 13:48:56,38.75,31.25,998.31,11.02,481.29,0.38,225
2025-03-10 13:49:06,38.81,31.31,998.28,10.95,491.0,0.33,225
2025-03-10 13:49:16,38.8,31.3,998.28,10.95,513.26,0.14,225
2025-03-10 13:49:26,38.93,31.43,998.3,10.89,544.21,0.29,225
2025-03-10 13:49:36,39.05,31.55,998.3,10.77,561.21,0.19,225
2025-03-10 13:49:46,39.07,31.57,998.3,10.77,575.1,0.43,225
2025-03-10 13:49:57,39.0,31.5,998.3,10.85,595.83,0.48,225
2025-03-10 13:50:07,38.79,31.29,998.31,10.89,617.11,0.47,225
2025-03-10 13:50:17,38.72,31.22,998.33,10.97,663.24,0.62,225
2025-03-10 13:50:27,38.5,31.0,998.34,11.31,691.25,0.62,225
2025-03-10 13:50:37,38.38,30.88,998.34,11.32,728.69,0.38,225
2025-03-10 13:50:47,38.33,30.83,998.33,11.31,772.06,1.15,225
2025-03-10 13:50:57,38.27,30.77,998.36,11.43,830.67,1.33,225
2025-03-10 13:51:07,38.43,30.93,998.37,11.32,860.77,1.09,225
2025-03-10 13:51:17,38.39,30.89,998.38,11.35,903.23,1.04,225
2025-03-10 13:51:27,38.47,30.97,998.38,11.3,938.1,0.85,225
2025-03-10 13:51:38,38.37,30.87,998.36,11.33,964.4,0.62,225
2025-03-10 13:51:48,38.4,30.9,998.38,11.24,993.89,0.62,225
2025-03-10 13:51:58,38.63,31.13,998.39,11.08,1009.12,0.76,225
2025-03-10 13:52:08,38.91,31.41,998.39,10.92,1022.95,0.81,225
2025-03-10 13:52:18,38.95,31.45,998.37,10.88,1040.51,0.62,225
2025-03-10 13:52:28,38.92,31.42,998.37,11.02,1050.12,0.66,225
2025-03-10 13:52:38,38.85,31.35,998.42,11.1,1084.44,0.66,225
2025-03-10 13:52:48,39.03,31.53,998.42,11.01,1124.44,0.72,225
2025-03-10 13:52:58,39.16,31.66,998.4,10.93,1122.67,1.05,225
2025-03-10 13:53:08,39.42,31.92,998.39,10.76,1092.76,1.15,225
2025-03-10 13:53:18,39.55,32.05,998.41,10.69,1081.91,0.9,225
2025-03-10 13:53:28,39.72,32.22,998.4,10.63,1084.42,0.62,225
2025-03-10 13:53:39,39.79,32.29,998.4,10.47,1107.18,0.52,225
2025-03-10 13:53:49,39.76,32.26,998.39,10.44,1161.25,0.57,225
2025-03-10 13:53:59,39.77,32.27,998.36,10.39,1201.01,0.62,225
2025-03-10 13:54:09,39.8,32.3,998.36,10.33,1245.31,0.66,225
2025-03-10 13:54:19,39.76,32.26,998.31,10.28,1270.15,0.38,225
2025-03-10 13:54:29,39.79,32.29,998.3,10.33,1288.63,0.14,225
2025-03-10 13:54:39,39.78,32.28,998.28,10.33,1310.28,0.29,225
2025-03-10 13:54:49,39.72,32.22,998.25,10.39,1304.22,0.33,225
2025-03-10 13:54:59,39.74,32.24,998.25,10.33,1297.8,0.24,225
2025-03-10 13:55:09,39.62,32.12,998.21,10.37,1336.53,0.38,225
2025-03-10 13:55:19,39.5,32.0,998.22,10.47,1351.02,0.48,225
2025-03-10 13:55:30,39.43,31.93,998.2,10.54,1331.38,0.43,225
2025-03-10 13:55:40,39.17,31.67,998.2,10.77,1264.45,0.67,225
2025-03-10 13:55:50,39.17,31.67,998.2,10.79,1164.99,0.66,225
2025-03-10 13:56:00,39.07,31.57,998.19,10.89,1094.16,0.62,225
2025-03-10 13:56:10,38.96,31.46,998.19,11.01,988.71,0.76,225
2025-03-10 13:56:20,39.01,31.51,998.2,10.86,902.03,0.62,225
2025-03-10 13:56:30,39.12,31.62,998.2,10.87,813.45,1.04,225
2025-03-10 13:56:40,39.17,31.67,998.21,10.74,653.98,1.47,225
2025-03-10 13:56:50,39.09,31.59,998.2,10.82,586.81,1.38,225
2025-03-10 13:57:00,38.85,31.35,998.19,11.08,503.99,1.05,225
2025-03-10 13:57:11,38.87,31.37,998.18,10.92,428.5,0.9,225
2025-03-10 13:57:21,38.8,31.3,998.19,10.94,387.27,0.71,225
2025-03-10 13:57:31,38.58,31.08,998.2,11.09,376.44,0.52,225
2025-03-10 13:57:41,38.69,31.19,998.19,10.94,382.49,0.47,225
2025-03-10 13:57:51,38.84,31.34,998.16,10.85,376.87,0.43,225
2025-03-10 13:58:01,38.89,31.39,998.17,10.84,378.03,0.57,225
2025-03-10 13:58:11,38.91,31.41,998.17,10.82,377.84,0.57,225
2025-03-10 13:58:21,38.86,31.36,998.17,10.85,376.68,0.57,225
2025-03-10 13:58:31,38.55,31.05,998.2,11.11,385.61,0.71,225
2025-03-10 13:58:41,38.16,30.66,998.19,11.24,376.87,1.14,225
2025-03-10 13:58:52,37.91,30.41,998.2,11.36,355.6,1.28,225
2025-03-10 13:59:02,37.64,30.14,998.19,11.68,358.96,0.86,225
2025-03-10 13:59:12,37.34,29.84,998.18,11.92,323.44,0.81,225
2025-03-10 13:59:22,37.51,30.01,998.17,11.96,366.61,0.72,225
2025-03-10 13:59:32,37.75,30.25,998.18,11.68,385.0,0.28,225
2025-03-10 13:59:42,37.84,30.34,998.18,11.74,392.26,0.66,225
2025-03-10 13:59:52,37.89,30.39,998.19,11.58,396.36,0.38,225
2025-03-10 14:00:02,37.93,30.43,998.17,11.6,391.9,0.29,225
2025-03-10 14:00:12,38.01,30.51,998.15,11.53,392.5,0.43,225
2025-03-10 14:00:22,37.85,30.35,998.17,11.8,387.99,0.52,225
2025-03-10 14:00:32,37.96,30.46,998.15,11.62,390.0,0.47,225
2025-03-10 14:00:43,38.03,30.53,998.14,11.53,389.44,0.38,225
2025-03-10 14:00:53,38.03,30.53,998.14,11.49,389.07,0.48,225
2025-03-10 14:01:03,38.16,30.66,998.15,11.38,384.24,0.43,225
2025-03-10 14:01:13,38.28,30.78,998.14,11.41,383.69,0.52,225
2025-03-10 14:01:23,38.37,30.87,998.15,11.43,385.27,0.57,225
2025-03-10 14:01:33,38.44,30.94,998.15,11.22,390.16,0.29,225
2025-03-10 14:01:43,38.44,30.94,998.15,11.25,385.51,0.05,225
2025-03-10 14:01:53,38.54,31.04,998.15,11.13,384.35,nvt,225
2025-03-10 14:02:03,38.42,30.92,998.15,11.31,387.1,nvt,225
2025-03-10 14:02:13,38.44,30.94,998.14,11.3,386.92,0.24,225
2025-03-10 14:02:24,38.27,30.77,998.14,11.4,386.92,0.24,225
2025-03-10 14:02:34,38.37,30.87,998.17,11.26,386.73,0.09,225
2025-03-10 14:02:44,38.47,30.97,998.17,11.27,388.5,nvt,225
2025-03-10 14:02:54,38.38,30.88,998.14,11.41,341.38,nvt,225
2025-03-10 14:03:04,38.37,30.87,998.15,13.15,347.67,nvt,225
2025-03-10 14:03:14,38.37,30.87,998.14,11.65,345.99,nvt,225
2025-03-10 14:03:24,38.45,30.95,998.16,11.26,411.24,0.09,225
2025-03-10 14:03:34,38.39,30.89,998.14,11.34,399.2,0.28,225
2025-03-10 14:03:44,38.48,30.98,998.15,11.34,401.52,0.38,225
2025-03-10 14:03:54,38.51,31.01,998.15,11.24,401.71,0.66,225
2025-03-10 14:04:04,38.6,31.1,998.14,11.31,400.91,0.9,225
2025-03-10 14:04:14,38.63,31.13,998.14,11.33,397.0,1.15,225
2025-03-10 14:04:25,38.56,31.06,998.15,11.34,396.21,1.05,225
2025-03-10 14:04:35,38.58,31.08,998.16,11.24,391.32,1.28,225
2025-03-10 14:04:45,38.68,31.18,998.11,11.2,390.71,0.86,225
2025-03-10 14:04:55,38.7,31.2,998.12,11.13,387.97,0.57,225
2025-03-10 14:05:05,38.69,31.19,998.12,11.16,387.54,0.1,225
2025-03-10 14:05:15,38.69,31.19,998.1,11.17,384.98,0.38,225
2025-03-10 14:05:25,38.63,31.13,998.12,11.33,390.97,0.24,225
2025-03-10 14:05:35,38.66,31.16,998.12,11.36,396.97,0.05,225
2025-03-10 14:05:45,38.47,30.97,998.13,11.46,392.45,0.09,225
2025-03-10 14:05:55,38.52,31.02,998.14,11.36,401.37,0.05,225
2025-03-10 14:06:06,38.56,31.06,998.12,11.38,397.83,nvt,225
2025-03-10 14:06:16,38.46,30.96,998.12,11.57,405.78,0.09,225
2025-03-10 14:06:26,38.56,31.06,998.13,11.43,407.31,nvt,225
2025-03-10 14:06:36,38.48,30.98,998.13,11.27,406.7,nvt,225
2025-03-10 14:06:46,38.4,30.9,998.12,10.94,409.21,nvt,225
2025-03-10 14:06:56,38.42,30.92,998.11,10.95,411.72,nvt,225
2025-03-10 14:07:06,38.39,30.89,998.12,10.8,414.23,nvt,225
2025-03-10 14:07:16,38.43,30.93,998.12,10.92,417.71,nvt,225
2025-03-10 14:07:26,38.52,31.02,998.13,10.98,416.92,nvt,225
2025-03-10 14:07:36,38.58,31.08,998.11,10.93,417.29,nvt,225
2025-03-10 14:07:46,38.59,31.09,998.11,10.94,421.94,nvt,225
2025-03-10 14:07:57,38.46,30.96,998.13,11.08,420.17,nvt,225
2025-03-10 14:08:07,38.48,30.98,998.13,11.11,421.51,nvt,225
2025-03-10 14:08:17,38.29,30.79,998.12,11.27,420.72,nvt,225
2025-03-10 14:08:27,38.22,30.72,998.11,11.32,422.07,nvt,225
2025-03-10 14:08:37,38.28,30.78,998.11,11.23,422.25,0.19,225
2025-03-10 14:08:47,38.38,30.88,998.12,11.29,424.58,0.47,225
2025-03-10 14:08:57,38.45,30.95,998.14,11.27,425.74,0.76,225
2025-03-10 14:09:07,38.44,30.94,998.12,11.21,432.34,0.95,225
2025-03-10 14:09:17,38.53,31.03,998.13,11.22,430.2,0.81,225
2025-03-10 14:09:27,38.47,30.97,998.11,11.29,425.92,0.91,225
2025-03-10 14:09:38,38.47,30.97,998.11,11.27,427.88,0.71,225
2025-03-10 14:09:48,38.47,30.97,998.13,11.24,426.53,0.62,225
2025-03-10 14:09:58,38.44,30.94,998.13,11.23,425.37,0.57,225
2025-03-10 14:10:08,38.46,30.96,998.13,11.23,427.69,0.52,225
2025-03-10 14:10:18,38.4,30.9,998.11,11.24,433.5,0.19,225
2025-03-10 14:10:28,38.37,30.87,998.12,11.25,439.13,0.43,225
2025-03-10 14:10:38,38.35,30.85,998.12,11.25,440.29,0.38,225
2025-03-10 14:10:48,38.21,30.71,998.12,11.36,438.15,0.72,225
2025-03-10 14:10:58,38.21,30.71,998.12,11.43,450.74,0.86,225
2025-03-10 14:11:08,38.33,30.83,998.11,11.38,461.39,0.86,225
2025-03-10 14:11:18,38.29,30.79,998.11,11.3,471.6,0.81,225
2025-03-10 14:11:28,38.3,30.8,998.11,11.35,489.58,0.81,225
2025-03-10 14:11:38,38.29,30.79,998.12,11.35,507.56,0.62,225
2025-03-10 14:11:48,38.24,30.74,998.12,11.32,528.05,0.52,225
2025-03-10 14:11:58,38.4,30.9,998.15,11.22,546.04,0.38,225
2025-03-10 14:12:09,38.51,31.01,998.17,11.13,564.94,0.05,225
2025-03-10 14:12:19,38.6,31.1,998.15,10.97,596.25,nvt,225
2025-03-10 14:12:29,38.75,31.25,998.12,10.93,627.75,0.24,225
2025-03-10 14:12:39,38.86,31.36,998.12,10.91,650.33,0.29,225
2025-03-10 14:12:49,38.87,31.37,998.13,10.8,675.09,0.05,225
2025-03-10 14:12:59,38.97,31.47,998.14,10.8,682.56,0.29,225
2025-03-10 14:13:09,39.0,31.5,998.15,10.89,685.07,0.33,225
2025-03-10 14:13:19,39.09,31.59,998.15,10.88,682.56,0.52,225
2025-03-10 14:13:29,39.17,31.67,998.16,10.72,682.75,0.38,225
2025-03-10 14:13:40,39.07,31.57,998.14,10.76,669.97,0.19,225
2025-03-10 14:13:50,39.03,31.53,998.16,10.68,659.33,0.19,225
2025-03-10 14:14:00,39.11,31.61,998.15,10.67,653.94,0.24,225
2025-03-10 14:14:10,39.1,31.6,998.16,10.74,637.25,0.28,225
2025-03-10 14:14:20,39.08,31.58,998.15,10.76,632.23,0.62,225
2025-03-10 14:14:30,39.09,31.59,998.15,10.76,619.64,0.43,225
2025-03-10 14:14:40,38.93,31.43,998.13,10.83,602.63,0.24,225
2025-03-10 14:14:50,38.76,31.26,998.1,10.95,581.54,0.24,225
2025-03-10 14:15:00,38.71,31.21,998.11,10.92,571.69,0.24,225
2025-03-10 14:15:10,38.65,31.15,998.12,11.01,553.28,0.24,225
2025-03-10 14:15:21,38.45,30.95,998.11,11.25,543.07,0.24,225
2025-03-10 14:15:31,38.26,30.76,998.09,11.48,520.62,0.24,225
2025-03-10 14:15:41,38.16,30.66,998.1,11.52,508.27,0.29,225
2025-03-10 14:15:51,38.27,30.77,998.12,11.34,509.85,0.24,225
2025-03-10 14:16:01,38.38,30.88,998.12,11.29,513.71,0.19,225
2025-03-10 14:16:11,38.45,30.95,998.14,11.3,527.65,0.09,225
2025-03-10 14:16:21,38.51,31.01,998.14,11.26,530.29,0.52,225
2025-03-10 14:16:31,38.54,31.04,998.14,11.24,549.25,0.71,225
2025-03-10 14:16:41,38.59,31.09,998.13,11.16,566.06,0.86,225
2025-03-10 14:16:51,38.32,30.82,998.12,11.36,585.39,0.62,225
2025-03-10 14:17:01,38.46,30.96,998.14,11.24,600.02,0.43,225
2025-03-10 14:17:11,38.52,31.02,998.14,11.26,626.92,0.43,225
2025-03-10 14:17:21,38.38,30.88,998.14,11.32,650.9,0.57,225
2025-03-10 14:17:32,38.54,31.04,998.15,11.14,662.28,0.62,225
2025-03-10 14:17:42,38.68,31.18,998.14,11.12,677.75,0.66,225
2025-03-10 14:17:52,38.74,31.24,998.13,11.04,694.02,0.52,225
2025-03-10 14:18:02,38.86,31.36,998.14,11.02,713.53,0.72,225
2025-03-10 14:18:12,38.93,31.43,998.15,10.93,729.92,0.67,225
2025-03-10 14:18:22,38.99,31.49,998.14,10.95,754.51,0.72,225
2025-03-10 14:18:32,38.93,31.43,998.15,10.93,761.0,0.76,225
2025-03-10 14:18:42,38.84,31.34,998.15,10.93,778.61,0.66,225
2025-03-10 14:18:52,38.83,31.33,998.15,10.97,783.02,0.81,225
2025-03-10 14:19:02,38.84,31.34,998.15,11.11,781.56,0.86,225
2025-03-10 14:19:12,38.85,31.35,998.14,11.1,790.73,0.76,225
2025-03-10 14:19:23,38.62,31.12,998.16,11.32,781.38,0.9,225
2025-03-10 14:19:33,38.38,30.88,998.15,11.5,792.2,0.81,225
2025-03-10 14:19:43,38.28,30.78,998.15,11.57,743.67,0.91,225
2025-03-10 14:19:53,38.1,30.6,998.12,13.48,724.69,1.0,225
2025-03-10 14:20:03,38.23,30.73,998.15,12.13,736.73,0.86,225
2025-03-10 14:20:13,38.33,30.83,998.15,12.31,720.01,1.0,225
2025-03-10 14:20:23,38.43,30.93,998.15,11.56,796.63,0.81,225
2025-03-10 14:20:33,38.55,31.05,998.15,11.29,772.29,1.14,225
2025-03-10 14:20:43,38.69,31.19,998.15,11.24,785.2,1.0,225
2025-03-10 14:20:53,38.29,30.79,998.12,11.58,786.54,1.09,225
2025-03-10 14:21:04,38.16,30.66,998.13,11.67,783.43,1.0,225
2025-03-10 14:21:14,38.13,30.63,998.12,11.64,777.38,1.1,225
2025-03-10 14:21:24,38.41,30.91,998.13,11.54,773.34,1.14,225
2025-03-10 14:21:34,38.55,31.05,998.12,11.28,761.77,1.19,225
2025-03-10 14:21:44,38.48,30.98,998.13,11.19,739.15,1.37,225
2025-03-10 14:21:54,38.24,30.74,998.08,11.43,714.8,1.23,225
2025-03-10 14:22:04,38.3,30.8,998.09,11.41,681.53,1.19,225
2025-03-10 14:22:14,38.5,31.0,998.11,11.32,652.41,1.09,225
2025-03-10 14:22:24,38.53,31.03,998.1,11.45,624.21,0.76,225
2025-03-10 14:22:34,38.45,30.95,998.08,11.55,599.32,0.81,225
2025-03-10 14:22:44,38.39,30.89,998.08,11.57,560.61,0.71,225
2025-03-10 14:22:55,38.27,30.77,998.06,11.63,525.2,0.38,225
2025-03-10 14:23:05,38.27,30.77,998.05,11.63,505.0,0.1,225
2025-03-10 14:23:15,38.23,30.73,998.04,11.55,480.05,0.38,225
2025-03-10 14:23:25,38.2,30.7,998.05,11.64,463.23,0.81,225
2025-03-10 14:23:35,38.14,30.64,998.03,11.61,463.84,0.9,225
2025-03-10 14:23:45,38.31,30.81,998.05,11.31,457.79,1.09,225
2025-03-10 14:23:55,38.24,30.74,998.04,11.33,458.34,0.81,225
2025-03-10 14:24:05,38.2,30.7,998.05,11.44,469.41,0.81,225
2025-03-10 14:24:15,38.16,30.66,998.04,11.48,468.99,0.76,225
2025-03-10 14:24:25,38.06,30.56,998.03,11.52,468.38,0.71,225
2025-03-10 14:24:36,38.11,30.61,998.03,11.45,475.66,0.76,225
2025-03-10 14:24:46,38.14,30.64,998.04,11.45,486.49,0.71,225
2025-03-10 14:24:56,38.18,30.68,998.05,11.37,512.36,0.57,225
2025-03-10 14:25:06,38.23,30.73,998.06,11.36,537.87,0.43,225
2025-03-10 14:25:16,38.39,30.89,998.07,11.16,555.98,0.43,225
2025-03-10 14:25:26,38.54,31.04,998.07,11.03,576.78,0.29,225
2025-03-10 14:25:36,38.47,30.97,998.06,11.05,609.07,0.29,225
2025-03-10 14:25:46,38.57,31.07,998.07,10.96,630.12,0.33,225
2025-03-10 14:25:56,38.51,31.01,998.08,10.94,643.03,0.09,225
2025-03-10 14:26:06,38.34,30.84,998.07,11.09,652.08,nvt,225
2025-03-10 14:26:16,38.19,30.69,998.04,11.36,662.91,nvt,225
2025-03-10 14:26:27,38.42,30.92,998.07,11.28,668.72,nvt,225
2025-03-10 14:26:37,38.61,31.11,998.07,11.06,641.62,nvt,225
2025-03-10 14:26:47,38.78,31.28,998.05,10.97,647.12,nvt,225
2025-03-10 14:26:57,38.89,31.39,998.06,10.92,624.73,0.14,225
2025-03-10 14:27:07,38.92,31.42,998.06,10.88,597.22,0.38,225
2025-03-10 14:27:17,38.82,31.32,998.03,10.96,509.15,0.38,225
2025-03-10 14:27:27,38.59,31.09,998.01,11.42,394.99,0.38,225
2025-03-10 14:27:37,38.27,30.77,998.0,11.69,305.24,0.33,225
2025-03-10 14:27:47,38.09,30.59,998.0,11.77,413.07,0.85,225
2025-03-10 14:27:57,37.94,30.44,998.01,11.66,490.93,0.81,225
2025-03-10 14:28:07,37.91,30.41,998.03,11.49,446.39,0.95,225
2025-03-10 14:28:17,37.88,30.38,998.05,11.65,417.09,1.38,225
2025-03-10 14:28:28,37.93,30.43,998.04,11.68,306.86,1.42,225
2025-03-10 14:28:38,37.77,30.27,998.06,11.77,475.13,1.0,225
2025-03-10 14:28:48,37.68,30.18,998.07,11.92,484.79,1.0,270
2025-03-10 14:28:58,37.72,30.22,998.07,11.95,521.16,0.95,270
2025-03-10 14:29:08,37.76,30.26,998.08,11.95,557.99,0.81,270
2025-03-10 14:29:18,37.71,30.21,998.06,11.94,474.2,0.86,270
2025-03-10 14:29:28,37.69,30.19,998.07,11.85,325.23,0.85,270
2025-03-10 14:29:38,37.64,30.14,998.09,11.74,327.31,0.66,270
2025-03-10 14:29:48,37.94,30.44,998.06,11.54,445.82,0.57,270
2025-03-10 14:29:58,38.14,30.64,998.05,11.54,465.89,0.57,270
2025-03-10 14:30:09,38.04,30.54,998.04,11.63,614.51,0.62,270
2025-03-10 14:30:19,38.1,30.6,998.04,11.48,617.65,0.48,270
2025-03-10 14:30:29,38.16,30.66,998.06,11.53,613.83,0.28,270
2025-03-10 14:30:39,38.35,30.85,998.08,11.33,612.36,0.24,270
2025-03-10 14:30:49,38.5,31.0,998.08,11.29,608.5,0.43,270
2025-03-10 14:30:59,38.61,31.11,998.07,10.95,607.52,0.43,270
2025-03-10 14:31:09,38.74,31.24,998.04,10.86,613.33,0.48,270
2025-03-10 14:31:19,38.86,31.36,998.06,10.79,614.26,0.76,270
2025-03-10 14:31:29,38.89,31.39,998.07,10.83,618.53,1.14,270
2025-03-10 14:31:40,38.58,31.08,998.05,11.01,631.13,1.33,270
2025-03-10 14:31:50,38.51,31.01,998.07,11.04,628.99,1.0,270
2025-03-10 14:32:00,38.52,31.02,998.06,11.08,624.97,0.85,270
2025-03-10 14:32:10,38.38,30.88,998.03,11.14,601.53,0.95,270
2025-03-10 14:32:20,38.15,30.65,998.05,11.45,630.83,0.95,270
2025-03-10 14:32:30,38.15,30.65,998.04,11.4,630.6,0.67,270
2025-03-10 14:32:40,38.28,30.78,998.03,11.16,596.27,0.85,270
2025-03-10 14:32:50,38.46,30.96,998.04,11.04,614.81,0.85,270
2025-03-10 14:33:00,38.52,31.02,998.04,10.89,571.65,1.04,270
2025-03-10 14:33:11,38.43,30.93,998.04,10.97,603.63,0.81,270
2025-03-10 14:33:21,38.42,30.92,998.01,10.77,613.91,0.71,270
2025-03-10 14:33:31,38.57,31.07,998.03,10.68,616.78,0.85,270
2025-03-10 14:33:41,38.67,31.17,998.0,10.6,621.98,0.9,270
2025-03-10 14:33:51,38.74,31.24,998.0,10.7,632.2,1.14,270
2025-03-10 14:34:01,38.81,31.31,998.02,10.74,640.09,1.23,270
2025-03-10 14:34:11,38.58,31.08,998.02,10.82,629.82,1.23,270
2025-03-10 14:34:21,38.51,31.01,998.02,10.85,619.97,1.04,270
2025-03-10 14:34:31,38.56,31.06,998.02,10.83,603.02,0.9,270
2025-03-10 14:34:42,38.64,31.14,997.99,10.73,588.77,0.85,270
2025-03-10 14:34:52,38.69,31.19,997.97,10.72,579.71,0.76,270
2025-03-10 14:35:02,38.85,31.35,997.99,10.39,567.41,0.57,270
2025-03-10 14:35:12,38.94,31.44,997.98,10.22,549.25,0.52,270
2025-03-10 14:35:22,38.92,31.42,997.98,10.52,536.28,0.43,270
2025-03-10 14:35:32,38.9,31.4,997.98,10.5,530.1,0.38,270
2025-03-10 14:35:42,38.79,31.29,997.97,10.56,530.9,0.43,270
2025-03-10 14:35:52,38.7,31.2,997.97,10.63,534.94,0.57,270
2025-03-10 14:36:02,38.51,31.01,997.96,10.85,113.28,0.71,270
2025-03-10 14:36:12,37.98,30.48,997.93,11.21,134.32,0.81,270
2025-03-10 14:36:23,37.49,29.99,997.95,11.53,136.4,0.81,270
2025-03-10 14:36:33,37.29,29.79,997.98,11.76,596.85,0.95,270
2025-03-10 14:36:43,37.52,30.02,998.0,11.59,613.74,1.24,270
2025-03-10 14:36:53,37.63,30.13,998.01,11.53,641.51,1.19,270
2025-03-10 14:37:03,37.66,30.16,997.99,11.42,659.02,1.04,270
2025-03-10 14:37:13,37.83,30.33,997.99,11.32,678.6,0.81,270
2025-03-10 14:37:23,37.93,30.43,997.98,11.27,694.02,0.71,270
2025-03-10 14:37:33,37.89,30.39,997.99,11.29,701.73,0.57,270
2025-03-10 14:37:43,37.89,30.39,997.99,11.29,701.49,0.62,270
Tijdstip,Apparaat Temperatuur (°C),Temperatuur (°C),Luchtdruk (hPa),Luchtvochtigheid (%),Lichtintensiteit (lux),Windsnelheid (m/s),Windrichting (graden)
2025-03-10 14:42:06,nvt,nvt,nvt,nvt,nvt,nvt,nvt
2025-03-10 14:42:16,23.06,15.56,642.07,64.74,1054.79,nvt,270
2025-03-10 14:42:26,38.55,31.05,997.97,10.94,526.33,0.93,270
2025-03-10 14:42:37,38.52,31.02,997.97,10.82,528.28,0.81,270
2025-03-10 14:42:47,38.57,31.07,997.99,10.86,523.82,0.85,270
2025-03-10 14:42:57,38.79,31.29,997.99,10.71,519.23,0.57,270
2025-03-10 14:43:07,38.89,31.39,998.0,10.55,509.38,0.33,270
2025-03-10 14:43:17,38.97,31.47,997.95,10.46,492.98,0.28,270
2025-03-10 14:43:27,39.03,31.53,997.93,10.49,479.52,0.43,270
2025-03-10 14:43:37,39.0,31.5,997.93,10.58,462.57,0.57,270
2025-03-10 14:43:47,38.75,31.25,997.93,10.58,446.41,0.43,270
2025-03-10 14:43:57,38.64,31.14,997.91,10.58,430.44,0.14,270
2025-03-10 14:44:08,38.83,31.33,997.93,10.36,400.9,0.14,270
2025-03-10 14:44:18,38.89,31.39,997.92,10.38,388.97,0.62,270
2025-03-10 14:44:28,38.84,31.34,997.93,10.56,389.81,0.71,270
2025-03-10 14:44:38,38.85,31.35,997.94,10.65,386.88,0.66,270
2025-03-10 14:44:48,38.78,31.28,997.97,10.54,396.55,0.76,270
2025-03-10 14:44:58,38.87,31.37,997.94,10.45,411.6,0.95,270
2025-03-10 14:45:08,38.93,31.43,997.93,10.48,429.89,1.09,270
2025-03-10 14:45:18,38.87,31.37,997.94,10.48,452.65,0.71,270
2025-03-10 14:45:28,38.74,31.24,997.92,10.58,471.92,0.76,270
2025-03-10 14:45:39,38.67,31.17,997.92,10.67,494.44,0.76,270
2025-03-10 14:45:49,38.82,31.32,997.94,10.69,522.21,0.95,270
2025-03-10 14:45:59,38.69,31.19,997.9,10.82,535.88,0.95,270
2025-03-10 14:46:09,38.82,31.32,997.95,10.72,557.16,0.81,270
2025-03-10 14:46:19,38.89,31.39,997.99,10.96,574.66,0.76,270
2025-03-10 14:46:29,38.82,31.32,997.95,10.9,595.52,0.47,270
2025-03-10 14:46:39,38.63,31.13,997.93,10.99,600.11,0.09,270
2025-03-10 14:46:49,38.63,31.13,997.92,10.99,593.27,0.05,270
2025-03-10 14:46:59,38.5,31.0,997.96,10.96,597.55,nvt,270
2025-03-10 14:47:09,38.59,31.09,997.96,10.78,599.87,0.19,270
2025-03-10 14:47:19,38.61,31.11,997.92,10.82,601.4,0.33,270
2025-03-10 14:47:29,38.71,31.21,997.92,10.5,601.59,0.38,270
2025-03-10 14:47:39,38.85,31.35,997.93,10.4,595.41,0.48,270
2025-03-10 14:47:50,38.83,31.33,997.95,10.47,597.0,1.15,270
2025-03-10 14:48:00,38.96,31.46,997.94,10.5,586.91,1.43,270
2025-03-10 14:48:10,39.13,31.63,997.95,10.27,583.61,1.47,270
2025-03-10 14:48:20,39.19,31.69,997.93,10.05,582.26,1.28,270
2025-03-10 14:48:30,39.22,31.72,997.94,10.02,579.57,0.9,270
2025-03-10 14:48:40,39.31,31.81,997.9,9.85,576.08,1.28,270
2025-03-10 14:48:50,39.2,31.7,997.89,9.89,574.61,1.05,225
2025-03-10 14:49:00,39.1,31.6,997.91,9.91,567.82,0.81,225
2025-03-10 14:49:10,38.98,31.48,997.87,9.97,566.66,1.61,225
2025-03-10 14:49:20,38.97,31.47,997.9,9.9,566.84,1.66,225
2025-03-10 14:49:31,38.94,31.44,997.91,9.94,562.99,1.47,225
2025-03-10 14:49:41,39.0,31.5,997.89,9.99,560.85,1.47,225
2025-03-10 14:49:51,39.02,31.52,997.89,10.02,558.34,1.34,225
2025-03-10 14:50:01,38.9,31.4,997.9,10.07,552.16,0.81,225
2025-03-10 14:50:11,38.82,31.32,997.89,10.13,550.63,0.76,225
2025-03-10 14:50:21,38.77,31.27,997.89,10.17,524.13,0.95,225
2025-03-10 14:50:31,38.82,31.32,997.88,10.04,534.24,1.05,225
2025-03-10 14:50:41,38.96,31.46,997.91,10.0,463.25,1.62,225
2025-03-10 14:50:51,39.09,31.59,997.93,10.02,518.19,1.47,225
2025-03-10 14:51:01,38.95,31.45,997.93,10.06,470.22,1.19,225
2025-03-10 14:51:11,38.95,31.45,997.93,10.03,486.38,1.38,225
2025-03-10 14:51:21,39.02,31.52,997.89,10.05,462.94,1.05,225
2025-03-10 14:51:32,39.03,31.53,997.92,10.1,377.83,0.76,225
2025-03-10 14:51:42,39.07,31.57,997.92,10.08,340.5,0.67,225
2025-03-10 14:51:52,39.08,31.58,997.93,10.11,361.12,0.14,225
2025-03-10 14:52:02,39.06,31.56,997.9,10.22,386.83,0.05,225
2025-03-10 14:52:12,39.14,31.64,997.92,10.22,347.42,0.28,225
2025-03-10 14:52:22,38.94,31.44,997.9,10.26,334.51,0.24,225
2025-03-10 14:52:32,38.95,31.45,997.88,10.17,327.35,0.28,225
2025-03-10 14:52:42,38.87,31.37,997.89,10.14,323.26,0.24,225
Tijdstip,Apparaat Temperatuur (°C),Temperatuur (°C),Luchtdruk (hPa),Luchtvochtigheid (%),Lichtintensiteit (lux),Windsnelheid (m/s),Windrichting (graden)
2025-03-10 14:53:14,nvt,nvt,nvt,nvt,nvt,nvt,nvt
2025-03-10 14:53:24,23.06,15.56,642.07,64.74,656.31,nvt,225
2025-03-10 14:53:53,38.57,31.07,997.84,10.31,329.01,0.83,225
2025-03-10 14:54:03,38.63,31.13,997.85,10.28,324.92,0.31,225
2025-03-10 14:54:13,38.53,31.03,997.86,10.51,335.8,0.76,225
2025-03-10 14:54:23,38.54,31.04,997.85,10.61,332.87,0.81,225
2025-03-10 14:54:33,38.52,31.02,997.86,10.71,333.05,0.95,225
2025-03-10 14:54:43,38.47,30.97,997.87,10.66,332.26,0.95,225
2025-03-10 14:54:53,38.33,30.83,997.86,10.49,335.93,0.95,225
2025-03-10 14:55:03,38.22,30.72,997.85,10.48,334.16,0.91,225
2025-03-10 14:55:13,38.31,30.81,997.85,10.42,344.06,1.1,225
2025-03-10 14:55:23,38.34,30.84,997.84,10.5,340.15,0.85,225
2025-03-10 14:55:33,38.27,30.77,997.86,10.53,342.66,1.0,225
2025-03-10 14:55:43,38.36,30.86,997.86,10.42,339.36,1.19,225
2025-03-10 14:55:53,38.27,30.77,997.85,10.54,345.96,1.0,225
2025-03-10 14:56:04,38.22,30.72,997.86,10.55,343.03,1.04,225
2025-03-10 14:56:14,38.27,30.77,997.87,10.56,340.89,0.81,225
2025-03-10 14:56:24,38.19,30.69,997.88,10.64,337.96,1.05,225
2025-03-10 14:56:34,38.1,30.6,997.87,10.65,340.09,1.19,225
2025-03-10 14:56:44,38.23,30.73,997.85,10.66,342.23,0.62,225
2025-03-10 14:56:54,38.46,30.96,997.87,10.57,340.09,0.19,225
2025-03-10 14:57:04,38.46,30.96,997.89,10.56,341.07,0.29,225
2025-03-10 14:57:14,38.53,31.03,997.87,10.4,347.49,0.57,225
2025-03-10 14:57:24,38.64,31.14,997.86,10.31,342.23,0.48,225
2025-03-10 14:57:34,38.53,31.03,997.86,10.18,340.09,0.38,225
2025-03-10 14:57:44,38.64,31.14,997.84,10.04,342.23,0.1,225
2025-03-10 14:57:54,38.86,31.36,997.87,9.94,340.09,0.05,225
2025-03-10 14:58:04,38.9,31.4,997.87,9.89,340.28,nvt,225
2025-03-10 14:58:15,38.69,31.19,997.86,9.89,338.14,nvt,225
2025-03-10 14:58:25,38.77,31.27,997.88,9.81,344.56,0.14,225
2025-03-10 14:58:35,38.89,31.39,997.89,9.71,339.12,0.62,225
2025-03-10 14:58:45,38.61,31.11,997.86,9.86,341.26,0.71,225
2025-03-10 14:58:55,38.38,30.88,997.88,9.99,335.82,0.71,225
2025-03-10 14:59:05,38.47,30.97,997.87,9.97,334.65,0.33,225
2025-03-10 14:59:15,38.62,31.12,997.84,9.9,336.61,0.14,225
2025-03-10 14:59:25,38.69,31.19,997.85,9.9,334.29,0.09,225
2025-03-10 14:59:35,38.76,31.26,997.86,9.8,334.1,0.14,225
2025-03-10 14:59:45,38.71,31.21,997.85,9.76,332.15,0.14,225
2025-03-10 14:59:55,38.55,31.05,997.84,10.04,329.64,0.05,225
2025-03-10 15:00:06,38.45,30.95,997.86,9.99,329.45,nvt,225
2025-03-10 15:00:16,38.37,30.87,997.85,10.29,330.25,nvt,225
2025-03-10 15:00:26,38.38,30.88,997.85,10.24,327.92,nvt,225
2025-03-10 15:00:36,38.37,30.87,997.86,10.43,328.9,nvt,225
2025-03-10 15:00:46,38.25,30.75,997.86,10.43,328.72,nvt,225
2025-03-10 15:00:56,38.18,30.68,997.86,10.44,324.25,nvt,225
2025-03-10 15:01:06,38.16,30.66,997.87,10.14,322.91,nvt,225
2025-03-10 15:01:16,38.32,30.82,997.85,9.86,321.74,nvt,225
2025-03-10 15:01:26,38.48,30.98,997.86,9.65,322.72,nvt,225
2025-03-10 15:01:36,38.63,31.13,997.84,9.62,322.54,nvt,225
2025-03-10 15:01:46,38.7,31.2,997.85,9.61,320.21,nvt,225
2025-03-10 15:01:57,38.68,31.18,997.84,9.56,319.05,nvt,225
2025-03-10 15:02:07,38.66,31.16,997.85,9.51,321.01,nvt,225
2025-03-10 15:02:17,38.65,31.15,997.85,9.71,317.71,0.09,225
2025-03-10 15:02:27,38.41,30.91,997.87,9.74,316.54,0.91,225
2025-03-10 15:02:37,38.13,30.63,997.86,9.9,317.52,0.71,225
2025-03-10 15:02:47,37.94,30.44,997.85,10.03,317.34,1.09,225
2025-03-10 15:02:57,37.99,30.49,997.84,10.1,318.31,1.28,225
2025-03-10 15:03:07,38.0,30.5,997.86,10.14,320.27,1.43,225
2025-03-10 15:03:17,37.99,30.49,997.86,10.25,320.08,1.38,225
Tijdstip,Apparaat Temperatuur (°C),Temperatuur (°C),Luchtdruk (hPa),Luchtvochtigheid (%),Lichtintensiteit (lux),Windsnelheid (m/s),Windrichting (graden)
2025-03-10 15:03:29,nvt,nvt,nvt,nvt,nvt,nvt,nvt
2025-03-10 15:03:39,23.06,15.56,642.07,64.74,623.66,nvt,225
2025-03-10 15:03:49,38.57,31.07,997.85,10.18,312.14,1.35,225
2025-03-10 15:03:59,38.69,31.19,997.86,10.07,311.95,1.66,225
2025-03-10 15:04:09,38.8,31.3,997.88,9.95,307.49,1.71,225
2025-03-10 15:04:19,38.62,31.12,997.83,10.0,311.58,1.8,225
2025-03-10 15:04:29,38.39,30.89,997.87,10.14,308.28,1.47,225
2025-03-10 15:04:39,38.47,30.97,997.9,10.1,306.14,1.48,225
2025-03-10 15:04:49,38.59,31.09,997.86,10.04,308.1,1.53,225
2025-03-10 15:04:59,38.6,31.1,997.89,9.9,303.82,1.0,225
2025-03-10 15:05:10,38.76,31.26,997.87,9.75,304.8,1.19,225
2025-03-10 15:05:20,38.81,31.31,997.85,9.78,306.94,0.76,225
2025-03-10 15:05:30,38.84,31.34,997.87,9.78,303.82,0.76,225
2025-03-10 15:05:40,38.89,31.39,997.83,9.71,310.24,0.71,225
2025-03-10 15:05:50,38.95,31.45,997.88,9.51,309.26,0.52,225
2025-03-10 15:06:00,39.01,31.51,997.88,9.33,301.86,0.57,225
2025-03-10 15:06:10,38.98,31.48,997.87,9.55,306.14,0.66,225
2025-03-10 15:06:20,38.77,31.27,997.89,9.68,301.86,0.57,225
2025-03-10 15:06:30,38.78,31.28,997.88,9.69,303.03,0.67,225
2025-03-10 15:06:41,38.66,31.16,997.85,9.75,298.75,0.66,225
2025-03-10 15:06:51,38.66,31.16,997.85,9.64,300.7,0.62,225
2025-03-10 15:07:01,38.58,31.08,997.85,9.79,299.54,0.52,225
2025-03-10 15:07:11,38.71,31.21,997.85,9.7,297.22,0.57,225
2025-03-10 15:07:21,38.75,31.25,997.88,9.64,302.29,0.48,225
2025-03-10 15:07:31,38.8,31.3,997.87,9.7,296.85,0.48,225
2025-03-10 15:07:41,38.87,31.37,997.88,9.63,297.64,0.57,225
2025-03-10 15:07:51,38.91,31.41,997.88,9.71,295.32,0.86,225
2025-03-10 15:08:01,38.84,31.34,997.86,9.72,295.13,1.04,225
2025-03-10 15:08:11,38.68,31.18,997.87,9.86,297.09,0.91,225
2025-03-10 15:08:21,38.79,31.29,997.86,9.82,291.65,0.95,225
2025-03-10 15:08:32,38.88,31.38,997.87,9.81,291.46,0.71,225
2025-03-10 15:08:42,38.92,31.42,997.9,9.81,292.44,0.48,225
Tijdstip,Apparaat Temperatuur (°C),Temperatuur (°C),Luchtdruk (hPa),Luchtvochtigheid (%),Lichtintensiteit (lux),Windsnelheid (m/s),Windrichting (graden)
2025-03-10 15:09:13,nvt,nvt,nvt,nvt,nvt,nvt,nvt
2025-03-10 15:09:23,23.06,15.56,642.07,64.74,1201.69,nvt,270
2025-03-13 10:43:47,21.55,14.05,996.91,32.98,605.71,nvt,270
2025-03-13 10:43:57,21.84,14.34,996.91,32.21,613.35,nvt,270
2025-03-13 10:44:07,22.12,14.62,996.91,31.68,623.87,nvt,270
2025-03-13 10:44:17,22.44,14.94,996.9,31.12,617.77,0.05,270
2025-03-13 10:44:27,22.77,15.27,996.88,30.9,633.06,nvt,270
2025-03-13 10:44:37,23.08,15.58,996.89,30.36,632.21,nvt,270
2025-03-13 10:44:47,23.35,15.85,996.9,30.27,626.59,nvt,270
2025-03-13 10:44:57,23.61,16.11,996.89,29.85,615.89,nvt,270
2025-03-13 10:45:07,23.87,16.37,996.9,29.38,624.08,nvt,270
2025-03-13 10:45:17,24.17,16.67,996.89,29.18,624.08,nvt,270
2025-03-13 10:45:27,24.5,17.0,996.89,28.45,624.45,nvt,270
2025-03-13 10:45:38,24.77,17.27,996.87,27.91,651.61,nvt,270
2025-03-13 10:45:48,25.08,17.58,996.89,27.57,641.34,nvt,270
2025-03-13 10:45:58,25.31,17.81,996.89,26.98,596.95,nvt,270
2025-03-13 10:46:08,25.55,18.05,996.89,26.94,569.99,0.14,45
2025-03-13 10:46:18,25.7,18.2,996.91,26.13,578.3,0.14,270
2025-03-13 10:46:28,25.88,18.38,996.92,25.89,561.98,0.09,315
2025-03-13 10:46:38,26.12,18.62,996.93,25.9,557.89,0.14,135
2025-03-13 10:46:48,26.34,18.84,996.9,25.34,525.17,0.33,225
2025-03-13 10:46:58,26.5,19.0,996.91,24.63,536.05,0.62,270
2025-03-13 10:47:09,26.7,19.2,996.94,24.28,525.73,0.38,270
2025-03-13 10:47:19,26.93,19.43,996.91,24.21,531.35,0.1,270
2025-03-13 10:47:29,27.1,19.6,996.89,23.85,533.31,0.05,270
2025-03-13 10:47:39,27.39,19.89,996.89,23.81,528.47,0.05,90
2025-03-13 10:47:49,27.62,20.12,996.89,23.32,527.92,1.0,315
2025-03-13 10:47:59,27.83,20.33,996.9,22.98,520.16,1.38,270
2025-03-13 10:48:09,28.02,20.52,996.91,22.58,518.2,1.61,270
2025-03-13 10:48:19,28.19,20.69,996.91,22.11,515.88,1.34,270
2025-03-13 10:48:29,28.42,20.92,996.89,21.97,513.74,0.9,270
2025-03-13 10:48:40,28.63,21.13,996.88,21.59,516.25,0.52,270
2025-03-13 10:48:50,28.8,21.3,996.89,21.61,512.76,0.24,180
2025-03-13 10:49:00,28.87,21.37,996.89,21.38,513.74,0.14,180
2025-03-13 10:49:10,28.84,21.34,996.89,21.48,517.04,0.05,180
2025-03-13 10:49:20,28.97,21.47,996.88,21.57,517.41,0.05,180
2025-03-13 10:49:30,29.13,21.63,996.87,21.27,438.62,1.04,nvt
2025-03-13 10:49:40,29.29,21.79,996.89,22.51,523.68,0.48,225
2025-03-13 10:49:50,29.48,21.98,996.89,21.03,600.16,0.1,225
2025-03-13 10:50:00,29.54,22.04,996.88,20.52,604.37,0.05,225
2025-03-13 10:50:10,29.57,22.07,996.89,20.27,606.15,nvt,225
2025-03-13 10:50:20,29.65,22.15,996.9,20.1,608.81,nvt,225
2025-03-13 10:50:30,29.85,22.35,996.87,20.03,596.64,nvt,225
2025-03-13 10:50:41,29.84,22.34,996.88,20.23,581.37,0.72,270
2025-03-13 10:50:51,29.96,22.46,996.9,19.98,576.79,1.1,270
2025-03-13 10:51:01,30.14,22.64,996.9,19.56,563.4,0.86,270
2025-03-13 10:51:11,30.18,22.68,996.9,19.3,592.56,0.81,270
2025-03-13 10:51:21,30.13,22.63,996.92,21.29,635.29,0.76,270
2025-03-13 10:51:31,30.39,22.89,996.92,19.44,602.78,0.9,270
2025-03-13 10:51:41,30.22,22.72,996.89,19.28,575.52,0.47,270
2025-03-13 10:51:51,30.4,22.9,996.91,19.0,569.71,0.19,270
2025-03-13 10:52:01,30.53,23.03,996.9,18.63,564.09,0.33,270
2025-03-13 10:52:11,30.71,23.21,996.9,18.43,273.09,0.91,270
2025-03-13 10:52:21,30.83,23.33,996.87,18.0,259.94,0.62,270
2025-03-13 10:52:32,30.77,23.27,996.89,17.99,250.28,0.85,270
2025-03-13 10:52:42,30.9,23.4,996.87,17.95,252.05,1.09,270
2025-03-13 10:52:52,30.9,23.4,996.89,17.81,249.73,1.14,270
2025-03-13 10:53:02,30.87,23.37,996.89,17.85,248.38,0.86,270
2025-03-13 10:53:12,30.88,23.38,996.9,17.85,246.42,1.24,270
2025-03-13 10:53:22,30.85,23.35,996.9,17.76,243.55,1.04,270
2025-03-13 10:53:32,30.79,23.29,996.89,17.72,236.39,0.85,270
2025-03-13 10:53:42,30.87,23.37,996.89,17.76,241.78,1.61,270
2025-03-13 10:53:52,30.92,23.42,996.91,17.73,241.96,1.42,270
2025-03-13 10:54:03,30.95,23.45,996.9,17.7,236.15,1.52,270
2025-03-13 10:54:13,31.02,23.52,996.92,17.54,220.99,1.71,270
2025-03-13 10:54:23,31.03,23.53,996.92,17.5,222.58,1.42,270
2025-03-13 10:54:33,31.08,23.58,996.91,17.46,217.93,1.33,270
2025-03-13 10:54:43,31.02,23.52,996.91,17.42,210.35,1.09,270
2025-03-13 10:54:53,31.04,23.54,996.92,17.35,221.05,0.81,270
2025-03-13 10:55:03,30.95,23.45,996.91,17.34,226.06,0.47,270
2025-03-13 10:55:13,30.8,23.3,996.9,17.35,236.76,0.29,270
2025-03-13 10:55:23,30.62,23.12,996.91,17.52,231.74,0.24,270
2025-03-13 10:55:33,30.47,22.97,996.92,17.59,229.84,0.14,270
2025-03-13 10:55:44,30.36,22.86,996.91,17.81,226.86,0.66,270
2025-03-13 10:55:54,30.48,22.98,996.92,17.8,223.74,1.23,270
2025-03-13 10:56:04,30.48,22.98,996.92,17.82,229.18,1.57,270
2025-03-13 10:56:14,30.63,23.13,996.91,17.79,236.89,1.42,270
2025-03-13 10:56:24,30.82,23.32,996.91,17.52,247.59,1.28,270
2025-03-13 10:56:34,30.93,23.43,996.9,17.35,264.72,1.47,270
2025-03-13 10:56:44,31.1,23.6,996.92,17.27,280.01,1.09,270
2025-03-13 10:56:54,31.11,23.61,996.92,17.21,285.26,1.19,270
2025-03-13 10:57:04,31.14,23.64,996.91,17.14,283.97,1.04,270
2025-03-13 10:57:15,31.17,23.67,996.91,17.09,283.36,0.81,270
2025-03-13 10:57:25,31.07,23.57,996.9,17.12,283.36,0.86,270
2025-03-13 10:57:35,31.21,23.71,996.89,17.12,275.31,1.14,270
2025-03-13 10:57:45,31.15,23.65,996.9,17.21,270.16,0.95,270
2025-03-13 10:57:55,31.14,23.64,996.9,17.25,259.78,1.19,270
2025-03-13 10:58:05,31.23,23.73,996.9,17.14,253.78,1.19,270
2025-03-13 10:58:15,31.29,23.79,996.88,17.06,253.95,1.61,270
2025-03-13 10:58:25,31.42,23.92,996.88,16.96,259.7,1.23,270
2025-03-13 10:58:35,31.4,23.9,996.86,16.91,268.3,0.71,270
2025-03-13 10:58:46,31.32,23.82,996.87,16.98,287.25,0.85,270
2025-03-13 10:58:56,31.32,23.82,996.86,16.93,298.86,0.52,270
2025-03-13 10:59:06,31.4,23.9,996.88,16.93,301.55,0.57,270
2025-03-13 10:59:16,31.43,23.93,996.87,16.82,292.68,0.71,270
2025-03-13 10:59:26,31.36,23.86,996.89,16.87,284.73,0.57,270
2025-03-13 10:59:36,31.15,23.65,996.89,16.98,278.92,0.33,270
2025-03-13 10:59:46,30.95,23.45,996.91,17.11,282.22,0.33,270
2025-03-13 10:59:56,30.82,23.32,996.91,17.09,284.73,0.28,270
2025-03-13 11:00:06,30.83,23.33,996.9,17.21,289.01,1.0,270
2025-03-13 11:00:17,30.89,23.39,996.91,17.18,287.48,1.04,270
2025-03-13 11:00:27,30.99,23.49,996.94,17.22,285.34,1.0,270
2025-03-13 11:00:37,31.22,23.72,996.9,16.99,295.0,1.23,270
2025-03-13 11:00:47,31.39,23.89,996.9,16.78,305.64,1.19,270
2025-03-13 11:00:57,31.53,24.03,996.88,16.69,324.05,1.0,270
2025-03-13 11:01:07,31.67,24.17,996.89,16.56,328.57,1.33,270
2025-03-13 11:01:17,31.73,24.23,996.88,16.44,340.18,1.09,270
2025-03-13 11:01:27,31.71,24.21,996.88,16.44,360.47,0.85,270
2025-03-13 11:01:37,31.57,24.07,996.88,16.37,386.58,0.38,270
2025-03-13 11:01:47,31.4,23.9,996.9,16.49,411.04,0.28,270
2025-03-13 11:01:58,31.3,23.8,996.89,16.49,425.88,0.19,270
2025-03-13 11:02:08,31.25,23.75,996.91,16.57,422.4,0.05,270
2025-03-13 11:02:18,31.06,23.56,996.92,16.72,406.13,0.24,270
2025-03-13 11:02:28,31.03,23.53,996.91,16.83,386.38,0.52,270
2025-03-13 11:02:38,30.94,23.44,996.91,16.92,373.49,0.81,270
2025-03-13 11:02:48,30.91,23.41,996.93,16.95,352.21,0.81,270
2025-03-13 11:02:58,30.99,23.49,996.94,16.85,330.19,0.95,270
2025-03-13 11:03:08,31.03,23.53,996.93,16.85,304.87,0.95,270
2025-03-13 11:03:18,31.17,23.67,996.92,16.72,280.89,1.0,270
2025-03-13 11:03:29,31.24,23.74,996.89,16.61,277.41,0.9,270
2025-03-13 11:03:39,31.26,23.76,996.88,16.55,273.76,1.04,270
2025-03-13 11:03:49,31.29,23.79,996.92,16.52,269.92,0.76,270
2025-03-13 11:03:59,31.17,23.67,996.91,16.58,280.43,0.71,270
2025-03-13 11:04:09,31.27,23.77,996.89,16.61,296.83,0.86,270
2025-03-13 11:04:19,31.26,23.76,996.88,16.57,305.7,0.81,270
2025-03-13 11:04:29,31.29,23.79,996.9,16.57,303.37,0.52,270
2025-03-13 11:04:39,31.23,23.73,996.91,16.47,301.42,0.48,270
2025-03-13 11:04:49,31.2,23.7,996.91,16.61,309.37,0.86,270
2025-03-13 11:04:59,31.25,23.75,996.91,16.57,317.5,0.47,270
2025-03-13 11:05:10,31.0,23.5,996.92,16.72,324.23,0.14,270
2025-03-13 11:05:20,31.07,23.57,996.93,16.62,338.54,0.52,270
2025-03-13 11:05:30,31.12,23.62,996.9,16.67,353.83,0.85,270
2025-03-13 11:05:40,31.29,23.79,996.89,16.59,368.14,0.85,270
2025-03-13 11:05:50,31.27,23.77,996.9,16.6,386.12,0.66,270
2025-03-13 11:06:00,31.2,23.7,996.9,16.55,406.24,0.67,270
2025-03-13 11:06:10,31.17,23.67,996.89,16.62,416.89,0.86,270
2025-03-13 11:06:20,31.13,23.63,996.91,16.65,416.7,0.9,270
2025-03-13 11:06:30,31.12,23.62,996.89,16.61,407.04,1.0,270
2025-03-13 11:06:41,31.2,23.7,996.87,16.59,383.8,1.14,270
2025-03-13 11:06:51,31.32,23.82,996.88,16.49,379.02,1.05,270
2025-03-13 11:07:01,31.45,23.95,996.87,16.33,367.22,1.09,270
2025-03-13 11:07:11,31.61,24.11,996.86,16.29,357.32,1.29,270
2025-03-13 11:07:21,31.72,24.22,996.86,16.18,349.55,0.9,270
2025-03-13 11:07:31,31.6,24.1,996.87,16.13,355.42,0.52,270
2025-03-13 11:07:41,31.75,24.25,996.86,16.15,354.81,0.9,270
2025-03-13 11:07:51,31.61,24.11,996.86,16.0,368.25,0.52,270
2025-03-13 11:08:01,31.5,24.0,996.88,16.17,375.15,0.81,270
2025-03-13 11:08:11,31.44,23.94,996.89,16.23,374.84,0.72,270
2025-03-13 11:08:22,31.46,23.96,996.87,16.27,377.22,1.0,270
2025-03-13 11:08:32,31.57,24.07,996.87,16.17,376.55,0.71,270
2025-03-13 11:08:42,31.47,23.97,996.85,16.21,374.15,0.14,270
2025-03-13 11:08:52,31.45,23.95,996.86,16.16,363.83,0.1,270
2025-03-13 11:09:02,31.44,23.94,996.87,16.17,364.01,0.81,270
2025-03-13 11:09:12,31.52,24.02,996.85,16.03,353.83,1.24,270
2025-03-13 11:09:22,31.63,24.13,996.87,16.1,327.48,1.61,270
2025-03-13 11:09:32,31.9,24.4,996.87,15.85,301.18,1.14,270
2025-03-13 11:09:42,31.97,24.47,996.87,15.67,287.11,0.62,270
2025-03-13 11:09:53,31.97,24.47,996.86,15.61,260.75,0.71,270
2025-03-13 11:10:03,31.63,24.13,996.85,15.67,266.19,0.62,270
2025-03-13 11:10:13,31.32,23.82,996.85,16.02,267.6,0.52,270
2025-03-13 11:10:23,31.53,24.03,996.86,16.09,283.55,0.66,270
2025-03-13 11:10:33,31.63,24.13,996.87,15.99,291.74,0.43,270
2025-03-13 11:10:43,31.68,24.18,996.88,15.91,293.69,0.91,270
2025-03-13 11:10:53,31.85,24.35,996.87,15.81,467.51,1.05,270
2025-03-13 11:11:03,32.03,24.53,996.87,15.69,511.92,0.67,270
2025-03-13 11:11:13,32.11,24.61,996.85,15.62,519.97,0.48,270
2025-03-13 11:11:23,32.16,24.66,996.86,15.71,579.39,0.67,270
2025-03-13 11:11:33,32.29,24.79,996.87,15.66,588.19,1.24,270
2025-03-13 11:11:43,32.25,24.75,996.86,15.64,541.02,1.09,270
2025-03-13 11:11:54,32.19,24.69,996.85,15.74,500.22,0.62,270
2025-03-13 11:12:04,32.21,24.71,996.86,15.89,515.45,0.43,270
2025-03-13 11:12:14,32.37,24.87,996.83,15.86,507.43,0.38,270
2025-03-13 11:12:24,32.4,24.9,996.84,15.88,530.17,0.43,270
2025-03-13 11:12:34,32.51,25.01,996.86,15.92,510.0,0.62,270
2025-03-13 11:12:44,32.72,25.22,996.84,15.8,515.07,0.71,270
2025-03-13 11:12:54,32.97,25.47,996.83,15.69,518.18,0.62,270
2025-03-13 11:13:04,33.05,25.55,996.83,15.62,530.65,0.9,270
2025-03-13 11:13:14,33.12,25.62,996.83,15.53,521.06,0.48,270
2025-03-13 11:13:24,33.18,25.68,996.85,15.5,523.38,0.19,270
2025-03-13 11:13:34,33.29,25.79,996.84,15.46,531.94,0.09,270
2025-03-13 11:13:44,33.49,25.99,996.8,15.33,530.36,0.1,270
2025-03-13 11:13:55,33.51,26.01,996.81,15.27,530.36,0.66,270
2025-03-13 11:14:05,33.5,26.0,996.81,15.28,531.09,0.71,270
2025-03-13 11:14:15,33.5,26.0,996.83,15.26,542.95,0.86,270
2025-03-13 11:14:25,33.65,26.15,996.83,15.2,531.83,1.24,270
2025-03-13 11:14:35,33.9,26.4,996.84,14.96,532.44,0.86,270
2025-03-13 11:14:45,34.15,26.65,996.84,14.75,536.77,1.14,270
2025-03-13 11:14:55,34.36,26.86,996.85,14.53,538.36,1.48,270
2025-03-13 11:15:05,34.51,27.01,996.86,14.38,527.66,1.43,270
2025-03-13 11:15:15,34.63,27.13,996.88,14.28,524.55,1.24,270
2025-03-13 11:15:25,34.63,27.13,996.88,14.23,516.17,1.19,270
2025-03-13 11:15:35,34.74,27.24,996.88,14.16,515.38,0.91,270
2025-03-13 11:15:45,34.92,27.42,996.89,14.03,523.38,1.23,270
2025-03-13 11:15:55,35.04,27.54,996.85,14.01,529.8,0.76,270
2025-03-13 11:16:06,35.14,27.64,996.85,13.86,535.8,0.43,270
2025-03-13 11:16:16,35.23,27.73,996.85,13.79,545.88,0.57,270
2025-03-13 11:16:26,35.35,27.85,996.85,13.73,566.11,0.91,270
2025-03-13 11:16:36,35.42,27.92,996.84,13.66,569.78,0.81,270
2025-03-13 11:16:46,35.39,27.89,996.84,13.69,581.83,1.09,270
2025-03-13 11:16:56,35.19,27.69,996.84,13.86,602.0,1.09,270
2025-03-13 11:17:06,35.28,27.78,996.84,13.81,594.61,1.0,270
2025-03-13 11:17:16,35.42,27.92,996.85,13.68,601.39,1.23,270
2025-03-13 11:17:26,35.51,28.01,996.84,13.63,595.34,1.05,270
2025-03-13 11:17:36,35.53,28.03,996.85,13.65,601.34,0.76,270
2025-03-13 11:17:46,35.59,28.09,996.85,13.59,606.96,0.86,270
2025-03-13 11:17:56,35.65,28.15,996.83,13.58,610.45,1.19,270
2025-03-13 11:18:07,35.77,28.27,996.84,13.45,610.26,1.19,270
2025-03-13 11:18:17,35.88,28.38,996.83,13.36,611.24,1.04,270
2025-03-13 11:18:27,35.91,28.41,996.85,13.38,608.12,0.9,270
2025-03-13 11:18:37,35.95,28.45,996.82,13.35,605.01,1.0,270
2025-03-13 11:18:47,36.04,28.54,996.83,13.28,606.35,1.04,270
2025-03-13 11:18:57,36.12,28.62,996.82,13.22,607.7,0.9,270
2025-03-13 11:19:07,36.2,28.7,996.83,13.15,601.28,0.57,270
2025-03-13 11:19:17,36.19,28.69,996.84,13.18,606.35,0.43,270
2025-03-13 11:19:27,36.25,28.75,996.84,13.14,595.1,0.38,270
2025-03-13 11:19:38,36.26,28.76,996.84,13.14,611.43,0.28,270
2025-03-13 11:19:48,36.2,28.7,996.84,13.17,612.03,0.09,270
2025-03-13 11:19:58,36.08,28.58,996.84,13.23,572.05,0.09,270
2025-03-13 11:20:08,36.13,28.63,996.85,13.27,563.92,0.33,270
2025-03-13 11:20:18,36.11,28.61,996.85,13.27,557.5,0.48,270
2025-03-13 11:20:28,36.22,28.72,996.84,13.21,575.96,0.29,270
2025-03-13 11:20:38,36.3,28.8,996.83,13.16,573.64,0.14,270
2025-03-13 11:20:48,36.43,28.93,996.82,13.12,571.68,0.14,270
2025-03-13 11:20:58,36.49,28.99,996.83,13.06,569.36,nvt,270
2025-03-13 11:21:08,36.51,29.01,996.82,13.05,566.06,0.29,270
2025-03-13 11:21:18,36.61,29.11,996.83,13.04,570.34,0.1,270
2025-03-13 11:21:28,36.49,28.99,996.83,13.09,618.33,0.14,270
2025-03-13 11:21:39,36.42,28.92,996.82,13.15,581.03,0.48,270
2025-03-13 11:21:49,36.43,28.93,996.81,14.13,332.29,0.62,270
2025-03-13 11:21:59,36.54,29.04,996.81,13.31,619.21,0.52,270
2025-03-13 11:22:09,36.53,29.03,996.81,13.3,576.75,0.38,270
2025-03-13 11:22:19,36.48,28.98,996.8,13.12,577.92,0.05,270
2025-03-13 11:22:29,36.33,28.83,996.82,13.16,576.94,nvt,270
2025-03-13 11:22:39,36.4,28.9,996.82,13.14,572.66,0.19,270
2025-03-13 11:22:49,36.45,28.95,996.8,13.09,566.8,0.62,270
2025-03-13 11:22:59,36.51,29.01,996.81,13.04,567.77,0.38,270
2025-03-13 11:23:09,36.53,29.03,996.81,13.02,559.59,0.38,270
2025-03-13 11:23:19,36.51,29.01,996.82,13.06,577.86,0.33,270
2025-03-13 11:23:29,36.53,29.03,996.82,13.05,584.65,0.43,270
2025-03-13 11:23:39,36.53,29.03,996.82,13.06,576.7,0.29,270
2025-03-13 11:23:49,36.63,29.13,996.81,13.02,579.21,0.38,270
2025-03-13 11:24:00,36.84,29.34,996.82,12.88,583.67,0.47,270
2025-03-13 11:24:10,37.02,29.52,996.83,12.75,593.02,0.67,270
2025-03-13 11:24:20,37.09,29.59,996.86,12.71,594.0,0.86,270
2025-03-13 11:24:30,37.22,29.72,996.84,12.59,590.88,0.95,270
2025-03-13 11:24:40,37.29,29.79,996.82,12.56,592.23,1.0,270
2025-03-13 11:24:50,37.36,29.86,996.81,12.53,601.95,0.66,270
2025-03-13 11:25:00,37.45,29.95,996.8,12.5,612.83,0.38,270
2025-03-13 11:25:10,37.48,29.98,996.82,12.49,618.64,0.62,270
2025-03-13 11:25:20,37.55,30.05,996.82,12.45,617.84,0.33,270
2025-03-13 11:25:30,37.62,30.12,996.81,12.41,626.4,0.38,270
2025-03-13 11:25:40,37.67,30.17,996.81,12.37,629.7,0.62,270
2025-03-13 11:25:50,37.48,29.98,996.82,12.42,629.89,0.57,270
2025-03-13 11:26:01,37.13,29.63,996.85,12.64,639.16,0.24,270
2025-03-13 11:26:11,36.92,29.42,996.83,12.82,625.85,0.1,270
2025-03-13 11:26:21,37.01,29.51,996.85,12.79,623.52,0.14,225
2025-03-13 11:26:31,37.23,29.73,996.82,12.66,621.2,0.14,225
2025-03-13 11:26:41,37.37,29.87,996.82,12.57,621.54,0.05,225
2025-03-13 11:26:51,37.54,30.04,996.83,12.51,625.31,nvt,225
2025-03-13 11:27:01,37.51,30.01,996.82,12.48,624.42,nvt,225
2025-03-13 11:27:11,37.35,29.85,996.83,12.57,634.5,nvt,225
2025-03-13 11:27:21,37.27,29.77,996.83,12.64,636.49,0.14,225
2025-03-13 11:27:31,37.21,29.71,996.84,12.67,654.16,0.38,225
2025-03-13 11:27:41,37.22,29.72,996.83,12.67,655.5,0.05,225
2025-03-13 11:27:51,37.42,29.92,996.84,12.59,653.56,0.05,225
2025-03-13 11:28:01,37.58,30.08,996.84,12.47,644.92,0.1,225
2025-03-13 11:28:11,37.71,30.21,996.84,12.4,637.16,0.14,180
2025-03-13 11:28:22,37.82,30.32,996.87,12.31,632.62,0.24,180
2025-03-13 11:28:32,37.83,30.33,996.85,12.28,625.98,0.05,180
2025-03-13 11:28:42,37.95,30.45,996.83,12.18,617.0,0.19,180
2025-03-13 11:28:52,38.03,30.53,996.83,12.12,614.12,0.09,180
2025-03-13 11:29:02,38.09,30.59,996.83,12.1,613.45,nvt,180
2025-03-13 11:29:12,38.1,30.6,996.85,12.08,617.77,0.1,180
2025-03-13 11:29:22,38.16,30.66,996.84,12.06,624.42,nvt,180
2025-03-13 11:29:32,38.21,30.71,996.85,12.02,631.62,nvt,180
2025-03-13 11:29:42,38.26,30.76,996.85,12.0,634.77,nvt,180
2025-03-13 11:29:52,38.25,30.75,996.85,11.99,637.38,nvt,180
2025-03-13 11:30:02,38.28,30.78,996.85,11.97,634.96,nvt,180
2025-03-13 11:30:12,38.15,30.65,996.85,12.04,633.98,nvt,180
2025-03-13 11:30:22,38.16,30.66,996.85,12.06,636.3,0.38,270
2025-03-13 11:30:33,38.26,30.76,996.85,11.99,634.35,0.71,270
2025-03-13 11:30:43,38.33,30.83,996.87,11.96,625.79,0.57,270
2025-03-13 11:30:53,38.41,30.91,996.87,11.94,626.59,0.43,270
2025-03-13 11:31:03,38.38,30.88,996.85,11.96,620.59,0.76,270
2025-03-13 11:31:13,38.24,30.74,996.85,12.05,610.87,1.15,270
2025-03-13 11:31:23,38.16,30.66,996.85,12.1,613.01,1.18,270
2025-03-13 11:31:33,37.97,30.47,996.82,12.22,617.66,0.95,270
2025-03-13 11:31:43,37.86,30.36,996.85,12.29,622.31,1.33,270
2025-03-13 11:31:53,37.8,30.3,996.85,12.35,630.26,1.09,270
2025-03-13 11:32:04,37.77,30.27,996.86,12.37,629.46,0.71,270
2025-03-13 11:32:14,37.66,30.16,996.84,12.45,632.76,0.62,270
2025-03-13 11:32:24,37.7,30.2,996.84,12.45,630.62,0.66,270
2025-03-13 11:32:34,37.9,30.4,996.82,12.35,631.97,0.91,270
2025-03-13 11:32:44,37.84,30.34,996.83,12.38,643.04,0.81,270
